Date,Open,High,Low,Close,Change (Pips),Change (%)
"Jul 15, 2018 21:00",1.16897,1.16912,1.168,1.16853,-4.4,-0.04%
"Jul 13, 2018 20:00",1.16811,1.16867,1.1681,1.1686,4.9,0.0004
"Jul 13, 2018 19:00",1.1677,1.16841,1.16758,1.16811,4.1,0.0004
"Jul 13, 2018 18:00",1.16758,1.16829,1.16741,1.16769,1.1,0.0001
"Jul 13, 2018 17:00",1.16733,1.16754,1.16658,1.16754,2.1,0.0002
"Jul 13, 2018 16:00",1.16666,1.16776,1.16653,1.16735,6.9,0.0006
"Jul 13, 2018 15:00",1.16671,1.16732,1.16592,1.16668,-0.3,0
"Jul 13, 2018 14:00",1.16409,1.16689,1.16395,1.16665,25.6,0.0022
"Jul 13, 2018 13:00",1.16446,1.1648,1.16371,1.1641,-3.6,-0.03%
"Jul 13, 2018 12:00",1.16265,1.16469,1.16255,1.16451,18.6,0.0016
"Jul 13, 2018 11:00",1.16243,1.16343,1.16186,1.16262,1.9,0.0002
"Jul 13, 2018 10:00",1.16349,1.16374,1.16211,1.1624,-10.9,-0.09%
"Jul 13, 2018 9:00",1.1627,1.16375,1.16159,1.16348,7.8,0.0007
"Jul 13, 2018 8:00",1.16307,1.16364,1.1613,1.16271,-3.6,-0.03%
"Jul 13, 2018 7:00",1.16456,1.16504,1.1625,1.1631,-14.6,-0.13%
"Jul 13, 2018 6:00",1.16636,1.16636,1.16423,1.16458,-17.8,-0.15%
"Jul 13, 2018 5:00",1.16572,1.16637,1.16546,1.16636,6.4,0.0005
"Jul 13, 2018 4:00",1.16617,1.1666,1.16571,1.16572,-4.5,-0.04%
"Jul 13, 2018 3:00",1.16692,1.16692,1.16604,1.16613,-7.9,-0.07%
"Jul 13, 2018 2:00",1.16687,1.1674,1.16659,1.16695,0.8,0.0001
"Jul 13, 2018 1:00",1.16669,1.16752,1.16643,1.1669,2.1,0.0002
"Jul 13, 2018 0:00",1.16639,1.16698,1.16609,1.16668,2.9,0.0002
"Jul 12, 2018 23:00",1.16639,1.16647,1.16589,1.16644,0.5,0
"Jul 12, 2018 22:00",1.16691,1.16693,1.16553,1.1664,-5.1,-0.04%
"Jul 12, 2018 21:00",1.167,1.16715,1.16661,1.16691,-0.9,-0.01%
"Jul 12, 2018 20:00",1.16741,1.16749,1.16695,1.16703,-3.8,-0.03%
"Jul 12, 2018 19:00",1.16702,1.16754,1.16663,1.16739,3.7,0.0003
"Jul 12, 2018 18:00",1.16761,1.16777,1.16691,1.16703,-5.8,-0.05%
"Jul 12, 2018 17:00",1.1682,1.16866,1.16695,1.16759,-6.1,-0.05%
"Jul 12, 2018 16:00",1.1691,1.16929,1.16811,1.16823,-8.7,-0.07%
"Jul 12, 2018 15:00",1.1684,1.16956,1.16783,1.16907,6.7,0.0006
"Jul 12, 2018 14:00",1.16726,1.16855,1.16687,1.16837,11.1,0.001
"Jul 12, 2018 13:00",1.16713,1.16808,1.16665,1.16726,1.3,0.0001
"Jul 12, 2018 12:00",1.16529,1.16879,1.16529,1.16715,18.6,0.0016
"Jul 12, 2018 11:00",1.16613,1.16642,1.16497,1.16531,-8.2,-0.07%
"Jul 12, 2018 10:00",1.1677,1.16809,1.16605,1.16613,-15.7,-0.13%
"Jul 12, 2018 9:00",1.16742,1.16831,1.16689,1.16769,2.7,0.0002
"Jul 12, 2018 8:00",1.16845,1.16923,1.16724,1.1674,-10.5,-0.09%
"Jul 12, 2018 7:00",1.16844,1.1693,1.16737,1.16847,0.3,0
"Jul 12, 2018 6:00",1.16783,1.16868,1.16714,1.16848,6.5,0.0006
"Jul 12, 2018 5:00",1.16827,1.16863,1.16779,1.16784,-4.3,-0.04%
"Jul 12, 2018 4:00",1.16759,1.16835,1.16754,1.16823,6.4,0.0005
"Jul 12, 2018 3:00",1.16721,1.16771,1.16708,1.1676,3.9,0.0003
"Jul 12, 2018 2:00",1.16751,1.16799,1.16722,1.16726,-2.5,-0.02%
"Jul 12, 2018 1:00",1.16726,1.16802,1.1672,1.16747,2.1,0.0002
"Jul 12, 2018 0:00",1.16751,1.16784,1.16699,1.16726,-2.5,-0.02%
"Jul 11, 2018 23:00",1.1676,1.16779,1.16722,1.1675,-1,-0.01%
"Jul 11, 2018 22:00",1.16735,1.16764,1.16723,1.16755,2,0.0002
"Jul 11, 2018 21:00",1.16717,1.16779,1.16702,1.16739,2.2,0.0002
"Jul 11, 2018 20:00",1.16696,1.16765,1.16696,1.16743,4.7,0.0004
"Jul 11, 2018 19:00",1.1674,1.16778,1.16679,1.16694,-4.6,-0.04%
"Jul 11, 2018 18:00",1.16734,1.16825,1.1665,1.16738,0.4,0
"Jul 11, 2018 17:00",1.16991,1.16995,1.16672,1.16732,-25.9,-0.22%
"Jul 11, 2018 16:00",1.17222,1.1727,1.1697,1.16995,-22.7,-0.19%
"Jul 11, 2018 15:00",1.17216,1.17279,1.17098,1.17221,0.5,0
"Jul 11, 2018 14:00",1.17466,1.17501,1.17183,1.17219,-24.7,-0.21%
"Jul 11, 2018 13:00",1.17519,1.17582,1.1744,1.17463,-5.6,-0.05%
"Jul 11, 2018 12:00",1.17063,1.17544,1.17008,1.17516,45.3,0.0039
"Jul 11, 2018 11:00",1.17119,1.17203,1.16998,1.17065,-5.4,-0.05%
"Jul 11, 2018 10:00",1.17036,1.17176,1.17021,1.1712,8.4,0.0007
"Jul 11, 2018 9:00",1.17082,1.17113,1.16948,1.17034,-4.8,-0.04%
"Jul 11, 2018 8:00",1.17333,1.17408,1.17083,1.17086,-24.7,-0.21%
"Jul 11, 2018 7:00",1.17301,1.17377,1.17219,1.17331,3,0.0003
"Jul 11, 2018 6:00",1.1729,1.17407,1.17245,1.17305,1.5,0.0001
"Jul 11, 2018 5:00",1.17268,1.1732,1.17252,1.17287,1.9,0.0002
"Jul 11, 2018 4:00",1.17292,1.17306,1.17227,1.1727,-2.2,-0.02%
"Jul 11, 2018 3:00",1.17301,1.17322,1.17247,1.17296,-0.5,0
"Jul 11, 2018 2:00",1.17314,1.17365,1.17279,1.17299,-1.5,-0.01%
"Jul 11, 2018 1:00",1.17264,1.1732,1.1724,1.17314,5,0.0004
"Jul 11, 2018 0:00",1.17281,1.17322,1.1724,1.17265,-1.6,-0.01%
"Jul 10, 2018 23:00",1.17356,1.1737,1.17249,1.17276,-8,-0.07%
"Jul 10, 2018 22:00",1.17391,1.174,1.17328,1.17361,-3,-0.03%
"Jul 10, 2018 21:00",1.17425,1.1746,1.1732,1.17386,-3.9,-0.03%
"Jul 10, 2018 20:00",1.17464,1.17499,1.17436,1.17449,-1.5,-0.01%
"Jul 10, 2018 19:00",1.17458,1.17483,1.17432,1.17462,0.4,0
"Jul 10, 2018 18:00",1.17459,1.1749,1.17407,1.17458,-0.1,0
"Jul 10, 2018 17:00",1.17333,1.17471,1.1732,1.17463,13,0.0011
"Jul 10, 2018 16:00",1.17288,1.17374,1.17214,1.17328,4,0.0003
"Jul 10, 2018 15:00",1.17202,1.17394,1.17194,1.17294,9.2,0.0008
"Jul 10, 2018 14:00",1.17086,1.17242,1.1704,1.172,11.4,0.001
"Jul 10, 2018 13:00",1.17167,1.17223,1.17079,1.17087,-8,-0.07%
"Jul 10, 2018 12:00",1.17048,1.17199,1.1697,1.17162,11.4,0.001
"Jul 10, 2018 11:00",1.17036,1.171,1.16902,1.1705,1.4,0.0001
"Jul 10, 2018 10:00",1.17219,1.17268,1.17034,1.17039,-18,-0.15%
"Jul 10, 2018 9:00",1.17265,1.17269,1.17146,1.1722,-4.5,-0.04%
"Jul 10, 2018 8:00",1.17451,1.17486,1.17214,1.17264,-18.7,-0.16%
"Jul 10, 2018 7:00",1.17488,1.17552,1.17397,1.17454,-3.4,-0.03%
"Jul 10, 2018 6:00",1.17393,1.17489,1.17316,1.17481,8.8,0.0007
"Jul 10, 2018 5:00",1.1741,1.17444,1.17373,1.17397,-1.3,-0.01%
"Jul 10, 2018 4:00",1.17477,1.17482,1.17403,1.17409,-6.8,-0.06%
"Jul 10, 2018 3:00",1.17537,1.17561,1.17467,1.17475,-6.2,-0.05%
"Jul 10, 2018 2:00",1.17479,1.17549,1.17459,1.17536,5.7,0.0005
"Jul 10, 2018 1:00",1.17592,1.17617,1.17473,1.17476,-11.6,-0.10%
"Jul 10, 2018 0:00",1.1756,1.17628,1.17556,1.17596,3.6,0.0003
"Jul 09, 2018 23:00",1.17503,1.17573,1.17489,1.17562,5.9,0.0005
"Jul 09, 2018 22:00",1.17477,1.17524,1.17473,1.17499,2.2,0.0002
"Jul 09, 2018 21:00",1.17494,1.17621,1.17474,1.17482,-1.2,-0.01%
"Jul 09, 2018 20:00",1.17461,1.17523,1.17453,1.17501,4,0.0003
"Jul 09, 2018 19:00",1.17485,1.17546,1.1741,1.17464,-2.1,-0.02%
"Jul 09, 2018 18:00",1.17481,1.17521,1.1746,1.17482,0.1,0
"Jul 09, 2018 17:00",1.17467,1.17504,1.17323,1.17476,0.9,0.0001
"Jul 09, 2018 16:00",1.17444,1.17508,1.17417,1.17469,2.5,0.0002
"Jul 09, 2018 15:00",1.17588,1.1762,1.1741,1.17447,-14.1,-0.12%
"Jul 09, 2018 14:00",1.17592,1.17648,1.17462,1.17587,-0.5,0
"Jul 09, 2018 13:00",1.17774,1.17838,1.17565,1.17589,-18.5,-0.16%
"Jul 09, 2018 12:00",1.17825,1.17906,1.17761,1.17774,-5.1,-0.04%
"Jul 09, 2018 11:00",1.17735,1.17888,1.17697,1.17826,9.1,0.0008
"Jul 09, 2018 10:00",1.17691,1.1774,1.17623,1.17736,4.5,0.0004
"Jul 09, 2018 9:00",1.17721,1.17755,1.17629,1.17693,-2.8,-0.02%
"Jul 09, 2018 8:00",1.17693,1.17813,1.17655,1.1772,2.7,0.0002
"Jul 09, 2018 7:00",1.1764,1.17721,1.17499,1.17693,5.3,0.0005
"Jul 09, 2018 6:00",1.17694,1.17794,1.17619,1.17646,-4.8,-0.04%
"Jul 09, 2018 5:00",1.17616,1.17702,1.17566,1.17696,8,0.0007
"Jul 09, 2018 4:00",1.17631,1.17647,1.17597,1.17611,-2,-0.02%
"Jul 09, 2018 3:00",1.17597,1.17659,1.17572,1.17632,3.5,0.0003
"Jul 09, 2018 2:00",1.17645,1.17648,1.17569,1.17597,-4.8,-0.04%
"Jul 09, 2018 1:00",1.17559,1.17673,1.17504,1.17647,8.8,0.0007
"Jul 09, 2018 0:00",1.17517,1.17587,1.17495,1.17557,4,0.0003
"Jul 08, 2018 23:00",1.17503,1.17529,1.17436,1.17518,1.5,0.0001
"Jul 08, 2018 22:00",1.17469,1.17543,1.17449,1.17502,3.3,0.0003
"Jul 08, 2018 21:00",1.17386,1.17526,1.1736,1.17467,8.1,0.0007
"Jul 06, 2018 20:00",1.17422,1.17481,1.17397,1.17415,-0.7,-0.01%
"Jul 06, 2018 19:00",1.17442,1.17463,1.17403,1.17422,-2,-0.02%
"Jul 06, 2018 18:00",1.174,1.17445,1.17383,1.17443,4.3,0.0004
"Jul 06, 2018 17:00",1.17455,1.1749,1.17392,1.17402,-5.3,-0.05%
"Jul 06, 2018 16:00",1.17368,1.17462,1.17339,1.17456,8.8,0.0007
"Jul 06, 2018 15:00",1.17571,1.17614,1.17332,1.17367,-20.4,-0.17%
"Jul 06, 2018 14:00",1.17573,1.17675,1.17506,1.17566,-0.7,-0.01%
"Jul 06, 2018 13:00",1.17435,1.17624,1.17425,1.17574,13.9,0.0012
"Jul 06, 2018 12:00",1.17135,1.17637,1.17118,1.17438,30.3,0.0026
"Jul 06, 2018 11:00",1.17067,1.17194,1.17052,1.17135,6.8,0.0006
"Jul 06, 2018 10:00",1.17097,1.17116,1.17025,1.17066,-3.1,-0.03%
"Jul 06, 2018 9:00",1.17129,1.17194,1.17037,1.17093,-3.6,-0.03%
"Jul 06, 2018 8:00",1.17023,1.1715,1.17012,1.17132,10.9,0.0009
"Jul 06, 2018 7:00",1.17213,1.17221,1.17,1.17023,-19,-0.16%
"Jul 06, 2018 6:00",1.17009,1.17271,1.16988,1.17213,20.4,0.0017
"Jul 06, 2018 5:00",1.16858,1.17028,1.1684,1.17007,14.9,0.0013
"Jul 06, 2018 4:00",1.16876,1.16958,1.16857,1.16858,-1.8,-0.02%
"Jul 06, 2018 3:00",1.16856,1.16883,1.16841,1.16874,1.8,0.0002
"Jul 06, 2018 2:00",1.16819,1.16902,1.16802,1.1686,4.1,0.0004
"Jul 06, 2018 1:00",1.16924,1.16936,1.16806,1.16816,-10.8,-0.09%
"Jul 06, 2018 0:00",1.1692,1.16973,1.16901,1.16926,0.6,0.0001
"Jul 05, 2018 23:00",1.16911,1.1696,1.16895,1.16917,0.6,0.0001
"Jul 05, 2018 22:00",1.16894,1.16925,1.16885,1.16911,1.7,0.0001
"Jul 05, 2018 21:00",1.16891,1.16909,1.16876,1.16891,0,0
"Jul 05, 2018 20:00",1.16929,1.16929,1.16871,1.16921,-0.8,-0.01%
"Jul 05, 2018 19:00",1.16807,1.16936,1.16796,1.1693,12.3,0.0011
"Jul 05, 2018 18:00",1.16828,1.16923,1.16722,1.16808,-2,-0.02%
"Jul 05, 2018 17:00",1.16977,1.16984,1.1681,1.1683,-14.7,-0.13%
"Jul 05, 2018 16:00",1.16953,1.16988,1.1692,1.16976,2.3,0.0002
"Jul 05, 2018 15:00",1.17024,1.17056,1.16926,1.16954,-7,-0.06%
"Jul 05, 2018 14:00",1.17028,1.17075,1.16912,1.17022,-0.6,-0.01%
"Jul 05, 2018 13:00",1.17144,1.17146,1.16949,1.17029,-11.5,-0.10%
"Jul 05, 2018 12:00",1.17084,1.172,1.17048,1.1714,5.6,0.0005
"Jul 05, 2018 11:00",1.16859,1.17085,1.16853,1.17084,22.5,0.0019
"Jul 05, 2018 10:00",1.16875,1.16936,1.16825,1.1686,-1.5,-0.01%
"Jul 05, 2018 9:00",1.16925,1.16959,1.16816,1.16873,-5.2,-0.04%
"Jul 05, 2018 8:00",1.16861,1.16963,1.16786,1.16933,7.2,0.0006
"Jul 05, 2018 7:00",1.16966,1.17053,1.16851,1.16857,-10.9,-0.09%
"Jul 05, 2018 6:00",1.16935,1.1711,1.16883,1.1697,3.5,0.0003
"Jul 05, 2018 5:00",1.16572,1.16943,1.16502,1.16938,36.6,0.0031
"Jul 05, 2018 4:00",1.16584,1.16592,1.16549,1.16571,-1.3,-0.01%
"Jul 05, 2018 3:00",1.16628,1.16633,1.16562,1.16578,-5,-0.04%
"Jul 05, 2018 2:00",1.16596,1.16675,1.1658,1.1663,3.4,0.0003
"Jul 05, 2018 1:00",1.1657,1.16643,1.1655,1.16598,2.8,0.0002
"Jul 05, 2018 0:00",1.16605,1.16634,1.16536,1.16571,-3.4,-0.03%
"Jul 04, 2018 23:00",1.16596,1.16636,1.16578,1.16606,1,0.0001
"Jul 04, 2018 22:00",1.1655,1.16627,1.1655,1.16589,3.9,0.0003
"Jul 04, 2018 21:00",1.16554,1.16573,1.1655,1.16552,-0.2,0
"Jul 04, 2018 20:00",1.1655,1.16583,1.16523,1.16566,1.6,0.0001
"Jul 04, 2018 19:00",1.16661,1.167,1.1652,1.16544,-11.7,-0.10%
"Jul 04, 2018 18:00",1.1667,1.16686,1.16641,1.16666,-0.4,0
"Jul 04, 2018 17:00",1.16671,1.1675,1.1663,1.16671,0,0
"Jul 04, 2018 16:00",1.16408,1.16747,1.1638,1.16665,25.7,0.0022
"Jul 04, 2018 15:00",1.16434,1.16449,1.16373,1.16411,-2.3,-0.02%
"Jul 04, 2018 14:00",1.16457,1.16502,1.16427,1.16432,-2.5,-0.02%
"Jul 04, 2018 13:00",1.16424,1.16481,1.1637,1.16454,3,0.0003
"Jul 04, 2018 12:00",1.16363,1.16447,1.1634,1.16419,5.6,0.0005
"Jul 04, 2018 11:00",1.1641,1.16426,1.16325,1.16361,-4.9,-0.04%
"Jul 04, 2018 10:00",1.16357,1.1643,1.16309,1.16416,5.9,0.0005
"Jul 04, 2018 9:00",1.16445,1.16466,1.16306,1.16355,-9,-0.08%
"Jul 04, 2018 8:00",1.16507,1.16543,1.16358,1.16441,-6.6,-0.06%
"Jul 04, 2018 7:00",1.16799,1.16799,1.165,1.16513,-28.6,-0.25%
"Jul 04, 2018 6:00",1.16673,1.1682,1.16601,1.168,12.7,0.0011
"Jul 04, 2018 5:00",1.1663,1.16729,1.16611,1.16672,4.2,0.0004
"Jul 04, 2018 4:00",1.16647,1.16662,1.16596,1.16628,-1.9,-0.02%
"Jul 04, 2018 3:00",1.16706,1.16709,1.16628,1.16644,-6.2,-0.05%
"Jul 04, 2018 2:00",1.16744,1.16755,1.16639,1.16707,-3.7,-0.03%
"Jul 04, 2018 1:00",1.16708,1.16789,1.16643,1.16748,4,0.0003
"Jul 04, 2018 0:00",1.16589,1.16717,1.16581,1.16705,11.6,0.001
"Jul 03, 2018 23:00",1.16595,1.16601,1.16544,1.16587,-0.8,-0.01%
"Jul 03, 2018 22:00",1.16568,1.16605,1.16565,1.16594,2.6,0.0002
"Jul 03, 2018 21:00",1.16546,1.16614,1.16546,1.16572,2.6,0.0002
"Jul 03, 2018 20:00",1.16612,1.16636,1.16584,1.16586,-2.6,-0.02%
"Jul 03, 2018 19:00",1.16522,1.1663,1.1652,1.16616,9.4,0.0008
"Jul 03, 2018 18:00",1.16579,1.16614,1.16512,1.16519,-6,-0.05%
"Jul 03, 2018 17:00",1.16499,1.16591,1.16442,1.16579,8,0.0007
"Jul 03, 2018 16:00",1.16526,1.16536,1.1642,1.16498,-2.8,-0.02%
"Jul 03, 2018 15:00",1.16494,1.16614,1.16464,1.16522,2.8,0.0002
"Jul 03, 2018 14:00",1.16561,1.16645,1.16476,1.16494,-6.7,-0.06%
"Jul 03, 2018 13:00",1.16526,1.16562,1.16428,1.16562,3.6,0.0003
"Jul 03, 2018 12:00",1.16643,1.16666,1.16435,1.16526,-11.7,-0.10%
"Jul 03, 2018 11:00",1.1647,1.16659,1.16464,1.16645,17.5,0.0015
"Jul 03, 2018 10:00",1.16535,1.16615,1.16448,1.16466,-6.9,-0.06%
"Jul 03, 2018 9:00",1.16593,1.16646,1.16508,1.16533,-6,-0.05%
"Jul 03, 2018 8:00",1.16696,1.16731,1.16577,1.16594,-10.2,-0.09%
"Jul 03, 2018 7:00",1.16457,1.16705,1.16434,1.16699,24.2,0.0021
"Jul 03, 2018 6:00",1.16375,1.16539,1.16352,1.16451,7.6,0.0007
"Jul 03, 2018 5:00",1.16325,1.16446,1.16268,1.16381,5.6,0.0005
"Jul 03, 2018 4:00",1.16324,1.16384,1.1628,1.16325,0.1,0
"Jul 03, 2018 3:00",1.16305,1.16358,1.16276,1.16322,1.7,0.0001
"Jul 03, 2018 2:00",1.16305,1.16376,1.16258,1.16303,-0.2,0
"Jul 03, 2018 1:00",1.16346,1.16377,1.16205,1.16307,-3.9,-0.03%
"Jul 03, 2018 0:00",1.16416,1.16439,1.16344,1.16346,-7,-0.06%
"Jul 02, 2018 23:00",1.16399,1.16431,1.16386,1.16417,1.8,0.0002
"Jul 02, 2018 22:00",1.16342,1.16393,1.16332,1.16393,5.1,0.0004
"Jul 02, 2018 21:00",1.16384,1.16425,1.16337,1.16346,-3.8,-0.03%
"Jul 02, 2018 20:00",1.16172,1.16481,1.16162,1.16389,21.7,0.0019
"Jul 02, 2018 19:00",1.16104,1.16236,1.16094,1.16175,7.1,0.0006
"Jul 02, 2018 18:00",1.16077,1.16104,1.16035,1.16101,2.4,0.0002
"Jul 02, 2018 17:00",1.15997,1.16085,1.15997,1.16076,7.9,0.0007
"Jul 02, 2018 16:00",1.16041,1.16111,1.15997,1.15998,-4.3,-0.04%
"Jul 02, 2018 15:00",1.16053,1.16093,1.15912,1.16042,-1.1,-0.01%
"Jul 02, 2018 14:00",1.16078,1.1624,1.15998,1.16055,-2.3,-0.02%
"Jul 02, 2018 13:00",1.16179,1.16179,1.15968,1.16083,-9.6,-0.08%
"Jul 02, 2018 12:00",1.16298,1.16424,1.16162,1.16178,-12,-0.10%
"Jul 02, 2018 11:00",1.16419,1.16445,1.16276,1.16296,-12.3,-0.11%
"Jul 02, 2018 10:00",1.164,1.16466,1.16346,1.16421,2.1,0.0002
"Jul 02, 2018 9:00",1.16432,1.16476,1.16359,1.16398,-3.4,-0.03%
"Jul 02, 2018 8:00",1.16304,1.16477,1.16264,1.16433,12.9,0.0011
"Jul 02, 2018 7:00",1.16522,1.16525,1.16257,1.16302,-22,-0.19%
"Jul 02, 2018 6:00",1.16426,1.16556,1.16385,1.16528,10.2,0.0009
"Jul 02, 2018 5:00",1.16501,1.16505,1.16373,1.16426,-7.5,-0.06%
"Jul 02, 2018 4:00",1.16525,1.16571,1.1648,1.16496,-2.9,-0.02%
"Jul 02, 2018 3:00",1.16566,1.16611,1.16518,1.16527,-3.9,-0.03%
"Jul 02, 2018 2:00",1.16591,1.16642,1.16556,1.16566,-2.5,-0.02%
"Jul 02, 2018 1:00",1.16646,1.1669,1.1654,1.16592,-5.4,-0.05%
"Jul 02, 2018 0:00",1.16778,1.1679,1.16642,1.16647,-13.1,-0.11%
"Jul 01, 2018 23:00",1.16742,1.16825,1.16706,1.1678,3.8,0.0003
"Jul 01, 2018 22:00",1.16661,1.16746,1.16633,1.1674,7.9,0.0007
"Jul 01, 2018 21:00",1.16659,1.16884,1.16618,1.16658,-0.1,0
"Jun 29, 2018 20:00",1.16768,1.16901,1.16757,1.16824,5.6,0.0005
"Jun 29, 2018 19:00",1.16683,1.16791,1.16636,1.16771,8.8,0.0008
"Jun 29, 2018 18:00",1.16783,1.16818,1.16669,1.16686,-9.7,-0.08%
"Jun 29, 2018 17:00",1.16774,1.16827,1.16712,1.16783,0.9,0.0001
"Jun 29, 2018 16:00",1.16771,1.16822,1.16732,1.16771,0,0
"Jun 29, 2018 15:00",1.16765,1.16832,1.16651,1.1677,0.5,0
"Jun 29, 2018 14:00",1.16432,1.16794,1.16333,1.16764,33.2,0.0028
"Jun 29, 2018 13:00",1.16441,1.16533,1.1628,1.16429,-1.2,-0.01%
"Jun 29, 2018 12:00",1.16498,1.16649,1.16354,1.16443,-5.5,-0.05%
"Jun 29, 2018 11:00",1.16401,1.16597,1.16392,1.16497,9.6,0.0008
"Jun 29, 2018 10:00",1.16508,1.1661,1.16351,1.16403,-10.5,-0.09%
"Jun 29, 2018 9:00",1.16489,1.16632,1.16392,1.16504,1.5,0.0001
"Jun 29, 2018 8:00",1.1623,1.16539,1.1613,1.16496,26.6,0.0023
"Jun 29, 2018 7:00",1.16333,1.16476,1.16201,1.16232,-10.1,-0.09%
"Jun 29, 2018 6:00",1.16493,1.16493,1.16313,1.16329,-16.4,-0.14%
"Jun 29, 2018 5:00",1.16544,1.16571,1.16456,1.16498,-4.6,-0.04%
"Jun 29, 2018 4:00",1.16356,1.16665,1.16348,1.16547,19.1,0.0016
"Jun 29, 2018 3:00",1.16404,1.165,1.16251,1.16356,-4.8,-0.04%
"Jun 29, 2018 2:00",1.15676,1.16453,1.15668,1.16405,72.9,0.0063
"Jun 29, 2018 1:00",1.15692,1.15728,1.15644,1.15673,-1.9,-0.02%
"Jun 29, 2018 0:00",1.15632,1.15759,1.1563,1.15693,6.1,0.0005
"Jun 28, 2018 23:00",1.15642,1.15699,1.15617,1.15636,-0.6,-0.01%
"Jun 28, 2018 22:00",1.15621,1.15644,1.15581,1.15641,2,0.0002
"Jun 28, 2018 21:00",1.15671,1.15718,1.15595,1.15623,-4.8,-0.04%
"Jun 28, 2018 20:00",1.15642,1.15697,1.15598,1.15686,4.4,0.0004
"Jun 28, 2018 19:00",1.15544,1.15667,1.1554,1.15641,9.7,0.0008
"Jun 28, 2018 18:00",1.15831,1.15853,1.15509,1.15544,-28.7,-0.25%
"Jun 28, 2018 17:00",1.15835,1.15863,1.15745,1.15831,-0.4,0
"Jun 28, 2018 16:00",1.15818,1.15852,1.15757,1.15835,1.7,0.0001
"Jun 28, 2018 15:00",1.15806,1.15913,1.15672,1.15815,0.9,0.0001
"Jun 28, 2018 14:00",1.15714,1.15954,1.15706,1.15804,9,0.0008
"Jun 28, 2018 13:00",1.15651,1.15801,1.15509,1.15716,6.5,0.0006
"Jun 28, 2018 12:00",1.15863,1.16008,1.15641,1.15648,-21.5,-0.19%
"Jun 28, 2018 11:00",1.15927,1.15929,1.15769,1.1586,-6.7,-0.06%
"Jun 28, 2018 10:00",1.15759,1.15975,1.15657,1.15921,16.2,0.0014
"Jun 28, 2018 9:00",1.15548,1.158,1.15529,1.15759,21.1,0.0018
"Jun 28, 2018 8:00",1.15603,1.15653,1.15354,1.1555,-5.3,-0.05%
"Jun 28, 2018 7:00",1.15404,1.15695,1.15272,1.15597,19.3,0.0017
"Jun 28, 2018 6:00",1.15559,1.15593,1.15273,1.15409,-15,-0.13%
"Jun 28, 2018 5:00",1.15626,1.15639,1.15476,1.15559,-6.7,-0.06%
"Jun 28, 2018 4:00",1.15677,1.15689,1.15618,1.15622,-5.5,-0.05%
"Jun 28, 2018 3:00",1.15705,1.15728,1.1565,1.15676,-2.9,-0.03%
"Jun 28, 2018 2:00",1.15644,1.15714,1.15641,1.15708,6.4,0.0006
"Jun 28, 2018 1:00",1.15653,1.15672,1.15598,1.15644,-0.9,-0.01%
"Jun 28, 2018 0:00",1.15629,1.15651,1.15536,1.1565,2.1,0.0002
"Jun 27, 2018 23:00",1.15595,1.15635,1.15553,1.15628,3.3,0.0003
"Jun 27, 2018 22:00",1.15582,1.15624,1.15573,1.15594,1.2,0.0001
"Jun 27, 2018 21:00",1.15516,1.15627,1.15505,1.15584,6.8,0.0006
"Jun 27, 2018 20:00",1.1553,1.15609,1.1552,1.15543,1.3,0.0001
"Jun 27, 2018 19:00",1.15571,1.15581,1.15405,1.15531,-4,-0.03%
"Jun 27, 2018 18:00",1.15672,1.15685,1.15527,1.15571,-10.1,-0.09%
"Jun 27, 2018 17:00",1.15823,1.15891,1.15642,1.15669,-15.4,-0.13%
"Jun 27, 2018 16:00",1.15873,1.15912,1.15749,1.15825,-4.8,-0.04%
"Jun 27, 2018 15:00",1.15939,1.1597,1.15813,1.15872,-6.7,-0.06%
"Jun 27, 2018 14:00",1.16073,1.16114,1.15935,1.15939,-13.4,-0.12%
"Jun 27, 2018 13:00",1.15966,1.16128,1.15964,1.16072,10.6,0.0009
"Jun 27, 2018 12:00",1.16285,1.16306,1.15939,1.15968,-31.7,-0.27%
"Jun 27, 2018 11:00",1.16339,1.16396,1.16073,1.16283,-5.6,-0.05%
"Jun 27, 2018 10:00",1.16402,1.16434,1.16336,1.16338,-6.4,-0.06%
"Jun 27, 2018 9:00",1.16278,1.16413,1.16215,1.16403,12.5,0.0011
"Jun 27, 2018 8:00",1.16543,1.16571,1.16238,1.16277,-26.6,-0.23%
"Jun 27, 2018 7:00",1.16663,1.16723,1.1653,1.16548,-11.5,-0.10%
"Jun 27, 2018 6:00",1.16527,1.16665,1.1649,1.16659,13.2,0.0011
"Jun 27, 2018 5:00",1.16547,1.16573,1.16396,1.16532,-1.5,-0.01%
"Jun 27, 2018 4:00",1.16594,1.16603,1.16518,1.16543,-5.1,-0.04%
"Jun 27, 2018 3:00",1.16532,1.16644,1.16497,1.16596,6.4,0.0005
"Jun 27, 2018 2:00",1.16524,1.16579,1.16498,1.16527,0.3,0
"Jun 27, 2018 1:00",1.16547,1.16602,1.16497,1.16529,-1.8,-0.02%
"Jun 27, 2018 0:00",1.16498,1.1655,1.1644,1.16548,5,0.0004
"Jun 26, 2018 23:00",1.16501,1.16523,1.16484,1.16496,-0.5,0
"Jun 26, 2018 22:00",1.16466,1.16516,1.16461,1.16498,3.2,0.0003
"Jun 26, 2018 21:00",1.16459,1.16488,1.16451,1.16467,0.8,0.0001
"Jun 26, 2018 20:00",1.16442,1.16522,1.16417,1.16484,4.2,0.0004
"Jun 26, 2018 19:00",1.16509,1.16542,1.16362,1.16442,-6.7,-0.06%
"Jun 26, 2018 18:00",1.16417,1.16509,1.16411,1.16505,8.8,0.0008
"Jun 26, 2018 17:00",1.16578,1.16609,1.16346,1.16418,-16,-0.14%
"Jun 26, 2018 16:00",1.16751,1.16761,1.16554,1.16579,-17.2,-0.15%
"Jun 26, 2018 15:00",1.16662,1.16774,1.16646,1.16755,9.3,0.0008
"Jun 26, 2018 14:00",1.16648,1.16713,1.165,1.1666,1.2,0.0001
"Jun 26, 2018 13:00",1.16708,1.16743,1.166,1.16643,-6.5,-0.06%
"Jun 26, 2018 12:00",1.16737,1.16842,1.16679,1.16707,-3,-0.03%
"Jun 26, 2018 11:00",1.16695,1.16789,1.1664,1.16738,4.3,0.0004
"Jun 26, 2018 10:00",1.16602,1.16711,1.16562,1.167,9.8,0.0008
"Jun 26, 2018 9:00",1.16724,1.16768,1.16507,1.16599,-12.5,-0.11%
"Jun 26, 2018 8:00",1.16854,1.16881,1.16692,1.16724,-13,-0.11%
"Jun 26, 2018 7:00",1.16927,1.1702,1.16848,1.16857,-7,-0.06%
"Jun 26, 2018 6:00",1.171,1.17113,1.16913,1.16932,-16.8,-0.14%
"Jun 26, 2018 5:00",1.17145,1.17189,1.17093,1.17099,-4.6,-0.04%
"Jun 26, 2018 4:00",1.17094,1.17156,1.17094,1.17145,5.1,0.0004
"Jun 26, 2018 3:00",1.17167,1.17205,1.17093,1.17097,-7,-0.06%
"Jun 26, 2018 2:00",1.1706,1.1718,1.1706,1.17167,10.7,0.0009
"Jun 26, 2018 1:00",1.17044,1.17118,1.1701,1.17058,1.4,0.0001
"Jun 26, 2018 0:00",1.17012,1.17105,1.16991,1.17047,3.5,0.0003
"Jun 25, 2018 23:00",1.1702,1.17055,1.16994,1.17007,-1.3,-0.01%
"Jun 25, 2018 22:00",1.17,1.17067,1.16997,1.17021,2.1,0.0002
"Jun 25, 2018 21:00",1.17025,1.17045,1.16991,1.17007,-1.8,-0.02%
"Jun 25, 2018 20:00",1.16995,1.17052,1.16975,1.17035,4,0.0003
"Jun 25, 2018 19:00",1.17042,1.17123,1.16987,1.16993,-4.9,-0.04%
"Jun 25, 2018 18:00",1.16969,1.17129,1.16969,1.17041,7.2,0.0006
"Jun 25, 2018 17:00",1.16915,1.17017,1.16912,1.16969,5.4,0.0005
"Jun 25, 2018 16:00",1.16928,1.17016,1.16898,1.16916,-1.2,-0.01%
"Jun 25, 2018 15:00",1.16876,1.16978,1.16822,1.16929,5.3,0.0005
"Jun 25, 2018 14:00",1.16797,1.16904,1.16711,1.16876,7.9,0.0007
"Jun 25, 2018 13:00",1.1682,1.16938,1.1678,1.16798,-2.2,-0.02%
"Jun 25, 2018 12:00",1.16874,1.17015,1.16791,1.16817,-5.7,-0.05%
"Jun 25, 2018 11:00",1.1652,1.16937,1.16519,1.1688,36,0.0031
"Jun 25, 2018 10:00",1.16495,1.1652,1.16392,1.16516,2.1,0.0002
"Jun 25, 2018 9:00",1.16588,1.16647,1.1639,1.16495,-9.3,-0.08%
"Jun 25, 2018 8:00",1.16435,1.16706,1.16404,1.16587,15.2,0.0013
"Jun 25, 2018 7:00",1.16306,1.16454,1.16282,1.16431,12.5,0.0011
"Jun 25, 2018 6:00",1.16416,1.16479,1.16296,1.16307,-10.9,-0.09%
"Jun 25, 2018 5:00",1.16525,1.16568,1.16397,1.1642,-10.5,-0.09%
"Jun 25, 2018 4:00",1.1656,1.16568,1.16502,1.16522,-3.8,-0.03%
"Jun 25, 2018 3:00",1.16474,1.16571,1.16466,1.16562,8.8,0.0008
"Jun 25, 2018 2:00",1.16565,1.16582,1.16472,1.16472,-9.3,-0.08%
"Jun 25, 2018 1:00",1.16565,1.16604,1.16498,1.16564,-0.1,0
"Jun 25, 2018 0:00",1.16604,1.16613,1.16517,1.16567,-3.7,-0.03%
"Jun 24, 2018 23:00",1.1669,1.16725,1.16598,1.16599,-9.1,-0.08%
"Jun 24, 2018 22:00",1.16652,1.16695,1.16631,1.16694,4.2,0.0004
"Jun 24, 2018 21:00",1.16617,1.16667,1.16575,1.16646,2.9,0.0002
"Jun 22, 2018 20:00",1.16584,1.16632,1.16566,1.16567,-1.7,-0.01%
"Jun 22, 2018 19:00",1.16628,1.16657,1.16578,1.16586,-4.2,-0.04%
"Jun 22, 2018 18:00",1.16614,1.16675,1.16557,1.16626,1.2,0.0001
"Jun 22, 2018 17:00",1.16475,1.16619,1.16465,1.1661,13.5,0.0012
"Jun 22, 2018 16:00",1.16299,1.16524,1.16295,1.16478,17.9,0.0015
"Jun 22, 2018 15:00",1.16382,1.16406,1.16296,1.16299,-8.3,-0.07%
"Jun 22, 2018 14:00",1.16499,1.16544,1.16173,1.16374,-12.5,-0.11%
"Jun 22, 2018 13:00",1.16543,1.16665,1.16431,1.16504,-3.9,-0.03%
"Jun 22, 2018 12:00",1.16419,1.16563,1.16396,1.1654,12.1,0.001
"Jun 22, 2018 11:00",1.16428,1.16527,1.16347,1.16422,-0.6,-0.01%
"Jun 22, 2018 10:00",1.16581,1.16589,1.16319,1.16428,-15.3,-0.13%
"Jun 22, 2018 9:00",1.1669,1.1675,1.16573,1.16582,-10.8,-0.09%
"Jun 22, 2018 8:00",1.1651,1.1671,1.1641,1.1669,18,0.0015
"Jun 22, 2018 7:00",1.16383,1.16739,1.16383,1.16514,13.1,0.0011
"Jun 22, 2018 6:00",1.16322,1.16409,1.16243,1.16367,4.5,0.0004
"Jun 22, 2018 5:00",1.16136,1.16381,1.16135,1.16323,18.7,0.0016
"Jun 22, 2018 4:00",1.16135,1.16156,1.1609,1.16141,0.6,0.0001
"Jun 22, 2018 3:00",1.16053,1.16155,1.16043,1.16133,8,0.0007
"Jun 22, 2018 2:00",1.16008,1.16071,1.16008,1.16053,4.5,0.0004
"Jun 22, 2018 1:00",1.16121,1.16131,1.16009,1.16009,-11.2,-0.10%
"Jun 22, 2018 0:00",1.16043,1.16177,1.16043,1.16117,7.4,0.0006
"Jun 21, 2018 23:00",1.16093,1.16096,1.16031,1.16041,-5.2,-0.04%
"Jun 21, 2018 22:00",1.1607,1.16096,1.16015,1.16093,2.3,0.0002
"Jun 21, 2018 21:00",1.15978,1.16099,1.15977,1.16076,9.8,0.0008
"Jun 21, 2018 20:00",1.16119,1.16139,1.16028,1.16029,-9,-0.08%
"Jun 21, 2018 19:00",1.16229,1.16236,1.16119,1.1612,-10.9,-0.09%
"Jun 21, 2018 18:00",1.16148,1.16285,1.16142,1.16232,8.4,0.0007
"Jun 21, 2018 17:00",1.16073,1.16173,1.16061,1.16149,7.6,0.0007
"Jun 21, 2018 16:00",1.16,1.1608,1.15953,1.16074,7.4,0.0006
"Jun 21, 2018 15:00",1.16066,1.16125,1.15974,1.15996,-7,-0.06%
"Jun 21, 2018 14:00",1.15865,1.16337,1.15754,1.1607,20.5,0.0018
"Jun 21, 2018 13:00",1.1589,1.16015,1.15821,1.15862,-2.8,-0.02%
"Jun 21, 2018 12:00",1.15432,1.16111,1.15321,1.15892,46,0.004
"Jun 21, 2018 11:00",1.15379,1.15472,1.15287,1.15429,5,0.0004
"Jun 21, 2018 10:00",1.15203,1.1542,1.15154,1.15384,18.1,0.0016
"Jun 21, 2018 9:00",1.15188,1.15283,1.15079,1.15198,1,0.0001
"Jun 21, 2018 8:00",1.15649,1.15678,1.15173,1.15192,-45.7,-0.40%
"Jun 21, 2018 7:00",1.1541,1.1567,1.15353,1.15651,24.1,0.0021
"Jun 21, 2018 6:00",1.156,1.15606,1.15399,1.15408,-19.2,-0.17%
"Jun 21, 2018 5:00",1.15624,1.15638,1.15541,1.15602,-2.2,-0.02%
"Jun 21, 2018 4:00",1.15642,1.15652,1.15567,1.15623,-1.9,-0.02%
"Jun 21, 2018 3:00",1.15672,1.15677,1.15577,1.15641,-3.1,-0.03%
"Jun 21, 2018 2:00",1.15671,1.15761,1.15657,1.15669,-0.2,0
"Jun 21, 2018 1:00",1.15768,1.15769,1.15618,1.15675,-9.3,-0.08%
"Jun 21, 2018 0:00",1.15776,1.15801,1.15704,1.15765,-1.1,-0.01%
"Jun 20, 2018 23:00",1.15767,1.158,1.15721,1.15777,1,0.0001
"Jun 20, 2018 22:00",1.15735,1.15771,1.15724,1.15766,3.1,0.0003
"Jun 20, 2018 21:00",1.15691,1.15767,1.15685,1.15733,4.2,0.0004
"Jun 20, 2018 20:00",1.1581,1.15844,1.15753,1.15753,-5.7,-0.05%
"Jun 20, 2018 19:00",1.15863,1.15889,1.15797,1.1581,-5.3,-0.05%
"Jun 20, 2018 18:00",1.15918,1.15929,1.15778,1.15865,-5.3,-0.05%
"Jun 20, 2018 17:00",1.1589,1.15958,1.1585,1.15915,2.5,0.0002
"Jun 20, 2018 16:00",1.15918,1.15942,1.15858,1.1589,-2.8,-0.02%
"Jun 20, 2018 15:00",1.15787,1.15921,1.15737,1.15918,13.1,0.0011
"Jun 20, 2018 14:00",1.15826,1.1586,1.15664,1.15785,-4.1,-0.04%
"Jun 20, 2018 13:00",1.1594,1.16001,1.15762,1.15828,-11.2,-0.10%
"Jun 20, 2018 12:00",1.15746,1.1597,1.15699,1.15939,19.3,0.0017
"Jun 20, 2018 11:00",1.15611,1.1575,1.15572,1.15742,13.1,0.0011
"Jun 20, 2018 10:00",1.15644,1.15736,1.15568,1.15611,-3.3,-0.03%
"Jun 20, 2018 9:00",1.15571,1.15756,1.1556,1.15644,7.3,0.0006
"Jun 20, 2018 8:00",1.15763,1.15763,1.15366,1.1557,-19.3,-0.17%
"Jun 20, 2018 7:00",1.15665,1.15925,1.15627,1.15765,10,0.0009
"Jun 20, 2018 6:00",1.15728,1.15846,1.15636,1.15669,-5.9,-0.05%
"Jun 20, 2018 5:00",1.15698,1.15787,1.15667,1.15724,2.6,0.0002
"Jun 20, 2018 4:00",1.15745,1.15746,1.15674,1.15701,-4.4,-0.04%
"Jun 20, 2018 3:00",1.1581,1.15818,1.15713,1.15749,-6.1,-0.05%
"Jun 20, 2018 2:00",1.15819,1.15885,1.15774,1.15809,-1,-0.01%
"Jun 20, 2018 1:00",1.15757,1.15864,1.15729,1.15814,5.7,0.0005
"Jun 20, 2018 0:00",1.15883,1.15894,1.15762,1.15762,-12.1,-0.10%
"Jun 19, 2018 23:00",1.15882,1.15952,1.15872,1.15878,-0.4,0
"Jun 19, 2018 22:00",1.15846,1.15891,1.15841,1.15885,3.9,0.0003
"Jun 19, 2018 21:00",1.15872,1.15891,1.15832,1.15845,-2.7,-0.02%
"Jun 19, 2018 20:00",1.15806,1.15938,1.15796,1.15897,9.1,0.0008
"Jun 19, 2018 19:00",1.15746,1.15813,1.1571,1.1581,6.4,0.0006
"Jun 19, 2018 18:00",1.15725,1.15874,1.15684,1.1574,1.5,0.0001
"Jun 19, 2018 17:00",1.157,1.15835,1.15684,1.15729,2.9,0.0003
"Jun 19, 2018 16:00",1.15785,1.15785,1.15656,1.15703,-8.2,-0.07%
"Jun 19, 2018 15:00",1.15649,1.15875,1.15605,1.15779,13,0.0011
"Jun 19, 2018 14:00",1.15611,1.15729,1.15559,1.15651,4,0.0003
"Jun 19, 2018 13:00",1.15542,1.15665,1.15502,1.15608,6.6,0.0006
"Jun 19, 2018 12:00",1.15445,1.15631,1.15329,1.15542,9.7,0.0008
"Jun 19, 2018 11:00",1.15522,1.15532,1.15397,1.15448,-7.4,-0.06%
"Jun 19, 2018 10:00",1.15512,1.15603,1.15434,1.15525,1.3,0.0001
"Jun 19, 2018 9:00",1.15541,1.15601,1.15305,1.15511,-3,-0.03%
"Jun 19, 2018 8:00",1.15806,1.15976,1.15419,1.1554,-26.6,-0.23%
"Jun 19, 2018 7:00",1.1583,1.1591,1.15712,1.15804,-2.6,-0.02%
"Jun 19, 2018 6:00",1.16212,1.16241,1.15816,1.15831,-38.1,-0.33%
"Jun 19, 2018 5:00",1.16275,1.16337,1.16191,1.16215,-6,-0.05%
"Jun 19, 2018 4:00",1.16406,1.16407,1.16244,1.16276,-13,-0.11%
"Jun 19, 2018 3:00",1.16318,1.16445,1.16312,1.16405,8.7,0.0007
"Jun 19, 2018 2:00",1.16362,1.16396,1.1631,1.16318,-4.4,-0.04%
"Jun 19, 2018 1:00",1.16339,1.16404,1.16281,1.1636,2.1,0.0002
"Jun 19, 2018 0:00",1.16295,1.16352,1.16256,1.1634,4.5,0.0004
"Jun 18, 2018 23:00",1.16211,1.16408,1.16206,1.16295,8.4,0.0007
"Jun 18, 2018 22:00",1.16209,1.16245,1.16194,1.16213,0.4,0
"Jun 18, 2018 21:00",1.1622,1.16239,1.16175,1.16208,-1.2,-0.01%
"Jun 18, 2018 20:00",1.16164,1.1624,1.16147,1.16227,6.3,0.0005
"Jun 18, 2018 19:00",1.16148,1.16199,1.16136,1.16163,1.5,0.0001
"Jun 18, 2018 18:00",1.16137,1.16214,1.16117,1.16146,0.9,0.0001
"Jun 18, 2018 17:00",1.16045,1.16147,1.16026,1.16137,9.2,0.0008
"Jun 18, 2018 16:00",1.16055,1.16098,1.16014,1.16049,-0.6,-0.01%
"Jun 18, 2018 15:00",1.16118,1.16173,1.16044,1.16053,-6.5,-0.06%
"Jun 18, 2018 14:00",1.16042,1.16204,1.15971,1.16118,7.6,0.0007
"Jun 18, 2018 13:00",1.16054,1.1609,1.15955,1.16046,-0.8,-0.01%
"Jun 18, 2018 12:00",1.1611,1.16202,1.16042,1.16055,-5.5,-0.05%
"Jun 18, 2018 11:00",1.16185,1.16242,1.16101,1.16108,-7.7,-0.07%
"Jun 18, 2018 10:00",1.15976,1.162,1.15949,1.16189,21.3,0.0018
"Jun 18, 2018 9:00",1.159,1.1611,1.15892,1.15975,7.5,0.0006
"Jun 18, 2018 8:00",1.15727,1.15915,1.15704,1.15901,17.4,0.0015
"Jun 18, 2018 7:00",1.15742,1.15799,1.15655,1.15728,-1.4,-0.01%
"Jun 18, 2018 6:00",1.15931,1.15975,1.15742,1.15742,-18.9,-0.16%
"Jun 18, 2018 5:00",1.15908,1.15983,1.15908,1.15926,1.8,0.0002
"Jun 18, 2018 4:00",1.15904,1.15941,1.15882,1.15912,0.8,0.0001
"Jun 18, 2018 3:00",1.15871,1.15933,1.15868,1.15901,3,0.0003
"Jun 18, 2018 2:00",1.15883,1.1589,1.15834,1.15871,-1.2,-0.01%
"Jun 18, 2018 1:00",1.15778,1.15887,1.15762,1.15886,10.8,0.0009
"Jun 18, 2018 0:00",1.1593,1.15948,1.15772,1.15777,-15.3,-0.13%
"Jun 17, 2018 23:00",1.15946,1.15969,1.15905,1.1593,-1.6,-0.01%
"Jun 17, 2018 22:00",1.15952,1.15959,1.15933,1.15948,-0.4,0
"Jun 17, 2018 21:00",1.15863,1.1602,1.15854,1.15947,8.4,0.0007
"Jun 15, 2018 20:00",1.16114,1.16114,1.16057,1.16066,-4.8,-0.04%
"Jun 15, 2018 19:00",1.16057,1.16141,1.16037,1.16111,5.4,0.0005
"Jun 15, 2018 18:00",1.16104,1.16148,1.16057,1.16059,-4.5,-0.04%
"Jun 15, 2018 17:00",1.16051,1.16107,1.16003,1.16105,5.4,0.0005
"Jun 15, 2018 16:00",1.16157,1.16182,1.16019,1.16054,-10.3,-0.09%
"Jun 15, 2018 15:00",1.16179,1.16267,1.1608,1.16155,-2.4,-0.02%
"Jun 15, 2018 14:00",1.15982,1.16267,1.15962,1.16175,19.3,0.0017
"Jun 15, 2018 13:00",1.16032,1.16263,1.15972,1.15985,-4.7,-0.04%
"Jun 15, 2018 12:00",1.1588,1.16111,1.15845,1.16032,15.2,0.0013
"Jun 15, 2018 11:00",1.15948,1.16,1.15821,1.15884,-6.4,-0.06%
"Jun 15, 2018 10:00",1.1603,1.16069,1.15593,1.15947,-8.3,-0.07%
"Jun 15, 2018 9:00",1.15925,1.16151,1.1586,1.16025,10,0.0009
"Jun 15, 2018 8:00",1.15891,1.16,1.15833,1.15919,2.8,0.0002
"Jun 15, 2018 7:00",1.15685,1.15921,1.15429,1.15891,20.6,0.0018
"Jun 15, 2018 6:00",1.15614,1.15716,1.15461,1.15684,7,0.0006
"Jun 15, 2018 5:00",1.15702,1.15754,1.15594,1.15616,-8.6,-0.07%
"Jun 15, 2018 4:00",1.15638,1.15703,1.15638,1.15703,6.5,0.0006
"Jun 15, 2018 3:00",1.1566,1.15676,1.15615,1.15639,-2.1,-0.02%
"Jun 15, 2018 2:00",1.15691,1.15701,1.15622,1.15662,-2.9,-0.03%
"Jun 15, 2018 1:00",1.15593,1.15703,1.15593,1.15691,9.8,0.0008
"Jun 15, 2018 0:00",1.15632,1.15684,1.15552,1.15595,-3.7,-0.03%
"Jun 14, 2018 23:00",1.15836,1.15844,1.15608,1.15633,-20.3,-0.18%
"Jun 14, 2018 22:00",1.15748,1.15845,1.15742,1.15833,8.5,0.0007
"Jun 14, 2018 21:00",1.15649,1.15748,1.15631,1.15747,9.8,0.0008
"Jun 14, 2018 20:00",1.15858,1.15907,1.15624,1.15655,-20.3,-0.18%
"Jun 14, 2018 19:00",1.15916,1.16004,1.15845,1.1586,-5.6,-0.05%
"Jun 14, 2018 18:00",1.16046,1.16089,1.15898,1.15913,-13.3,-0.11%
"Jun 14, 2018 17:00",1.16333,1.16409,1.16009,1.16046,-28.7,-0.25%
"Jun 14, 2018 16:00",1.16323,1.16475,1.16183,1.16337,1.4,0.0001
"Jun 14, 2018 15:00",1.16516,1.16525,1.16286,1.16322,-19.4,-0.17%
"Jun 14, 2018 14:00",1.16521,1.16586,1.16191,1.16515,-0.6,-0.01%
"Jun 14, 2018 13:00",1.16885,1.16886,1.16521,1.16521,-36.4,-0.31%
"Jun 14, 2018 12:00",1.17384,1.17435,1.16844,1.1688,-50.4,-0.43%
"Jun 14, 2018 11:00",1.18248,1.18517,1.17388,1.17388,-86,-0.73%
"Jun 14, 2018 10:00",1.18247,1.1831,1.18201,1.18245,-0.2,0
"Jun 14, 2018 9:00",1.18258,1.18262,1.18146,1.18248,-1,-0.01%
"Jun 14, 2018 8:00",1.18178,1.18276,1.18131,1.18255,7.7,0.0007
"Jun 14, 2018 7:00",1.18139,1.18193,1.18069,1.18174,3.5,0.0003
"Jun 14, 2018 6:00",1.18032,1.18169,1.17979,1.18145,11.3,0.001
"Jun 14, 2018 5:00",1.18041,1.18111,1.18002,1.1803,-1.1,-0.01%
"Jun 14, 2018 4:00",1.1801,1.18057,1.18005,1.18038,2.8,0.0002
"Jun 14, 2018 3:00",1.17983,1.18026,1.1795,1.18015,3.2,0.0003
"Jun 14, 2018 2:00",1.17978,1.17989,1.17897,1.17983,0.5,0
"Jun 14, 2018 1:00",1.17956,1.18007,1.179,1.17978,2.2,0.0002
"Jun 14, 2018 0:00",1.18035,1.18039,1.17923,1.17957,-7.8,-0.07%
"Jun 13, 2018 23:00",1.17987,1.18047,1.17951,1.18031,4.4,0.0004
"Jun 13, 2018 22:00",1.17937,1.18026,1.17916,1.17989,5.2,0.0004
"Jun 13, 2018 21:00",1.17902,1.17941,1.17867,1.17938,3.6,0.0003
"Jun 13, 2018 20:00",1.179,1.17935,1.17855,1.17921,2.1,0.0002
"Jun 13, 2018 19:00",1.17725,1.18012,1.17724,1.17904,17.9,0.0015
"Jun 13, 2018 18:00",1.17875,1.17875,1.17253,1.17722,-15.3,-0.13%
"Jun 13, 2018 17:00",1.17909,1.17927,1.17835,1.17868,-4.1,-0.03%
"Jun 13, 2018 16:00",1.17826,1.17918,1.17814,1.17904,7.8,0.0007
"Jun 13, 2018 15:00",1.17716,1.17882,1.17694,1.17826,11,0.0009
"Jun 13, 2018 14:00",1.17678,1.17809,1.17678,1.17716,3.8,0.0003
"Jun 13, 2018 13:00",1.1774,1.17816,1.17662,1.17674,-6.6,-0.06%
"Jun 13, 2018 12:00",1.17559,1.17762,1.17555,1.17745,18.6,0.0016
"Jun 13, 2018 11:00",1.17622,1.17662,1.17513,1.17558,-6.4,-0.05%
"Jun 13, 2018 10:00",1.17552,1.17706,1.17534,1.17623,7.1,0.0006
"Jun 13, 2018 9:00",1.17435,1.17619,1.17388,1.17547,11.2,0.001
"Jun 13, 2018 8:00",1.17461,1.17497,1.17329,1.17436,-2.5,-0.02%
"Jun 13, 2018 7:00",1.174,1.1754,1.17396,1.17465,6.5,0.0006
"Jun 13, 2018 6:00",1.17505,1.17507,1.17301,1.17397,-10.8,-0.09%
"Jun 13, 2018 5:00",1.17438,1.17529,1.17411,1.17512,7.4,0.0006
"Jun 13, 2018 4:00",1.17447,1.17451,1.17398,1.17439,-0.8,-0.01%
"Jun 13, 2018 3:00",1.17479,1.17479,1.1743,1.17446,-3.3,-0.03%
"Jun 13, 2018 2:00",1.17451,1.17491,1.17439,1.17475,2.4,0.0002
"Jun 13, 2018 1:00",1.17458,1.17484,1.174,1.17456,-0.2,0
"Jun 13, 2018 0:00",1.1748,1.17528,1.1745,1.17461,-1.9,-0.02%
"Jun 12, 2018 23:00",1.17455,1.17478,1.17417,1.17474,1.9,0.0002
"Jun 12, 2018 22:00",1.17437,1.17472,1.17406,1.17455,1.8,0.0002
"Jun 12, 2018 21:00",1.17442,1.17474,1.17433,1.1744,-0.2,0
"Jun 12, 2018 20:00",1.17512,1.17512,1.17442,1.17444,-6.8,-0.06%
"Jun 12, 2018 19:00",1.17504,1.17551,1.17468,1.17516,1.2,0.0001
"Jun 12, 2018 18:00",1.17511,1.17518,1.17333,1.17498,-1.3,-0.01%
"Jun 12, 2018 17:00",1.17732,1.17733,1.17361,1.17508,-22.4,-0.19%
"Jun 12, 2018 16:00",1.17905,1.17929,1.17727,1.17732,-17.3,-0.15%
"Jun 12, 2018 15:00",1.17868,1.17955,1.17795,1.1791,4.2,0.0004
"Jun 12, 2018 14:00",1.17883,1.17958,1.17824,1.17866,-1.7,-0.01%
"Jun 12, 2018 13:00",1.18006,1.1801,1.17859,1.17885,-12.1,-0.10%
"Jun 12, 2018 12:00",1.17937,1.18009,1.17748,1.18004,6.7,0.0006
"Jun 12, 2018 11:00",1.17843,1.17945,1.17759,1.17936,9.3,0.0008
"Jun 12, 2018 10:00",1.17957,1.17982,1.17843,1.17845,-11.2,-0.10%
"Jun 12, 2018 9:00",1.17937,1.18035,1.17862,1.17962,2.5,0.0002
"Jun 12, 2018 8:00",1.17937,1.18089,1.17872,1.17936,-0.1,0
"Jun 12, 2018 7:00",1.17654,1.18036,1.17654,1.17936,28.2,0.0024
"Jun 12, 2018 6:00",1.1769,1.17716,1.17565,1.1766,-3,-0.03%
"Jun 12, 2018 5:00",1.1769,1.17751,1.17669,1.1769,0,0
"Jun 12, 2018 4:00",1.17645,1.17706,1.17637,1.17689,4.4,0.0004
"Jun 12, 2018 3:00",1.17692,1.17713,1.17617,1.17644,-4.8,-0.04%
"Jun 12, 2018 2:00",1.17599,1.17707,1.17549,1.1769,9.1,0.0008
"Jun 12, 2018 1:00",1.1753,1.17624,1.17438,1.17602,7.2,0.0006
"Jun 12, 2018 0:00",1.17724,1.17732,1.17408,1.17526,-19.8,-0.17%
"Jun 11, 2018 23:00",1.17752,1.1779,1.17721,1.1773,-2.2,-0.02%
"Jun 11, 2018 22:00",1.17822,1.17826,1.17713,1.17749,-7.3,-0.06%
"Jun 11, 2018 21:00",1.17811,1.17841,1.17811,1.1782,0.9,0.0001
"Jun 11, 2018 20:00",1.17846,1.17859,1.1783,1.17851,0.5,0
"Jun 11, 2018 19:00",1.17871,1.17881,1.17827,1.17848,-2.3,-0.02%
"Jun 11, 2018 18:00",1.17852,1.17896,1.17837,1.17871,1.9,0.0002
"Jun 11, 2018 17:00",1.17882,1.17916,1.17819,1.17849,-3.3,-0.03%
"Jun 11, 2018 16:00",1.18015,1.18021,1.17804,1.17881,-13.4,-0.11%
"Jun 11, 2018 15:00",1.18075,1.18112,1.17983,1.18019,-5.6,-0.05%
"Jun 11, 2018 14:00",1.1806,1.18139,1.17995,1.1807,1,0.0001
"Jun 11, 2018 13:00",1.17981,1.18083,1.17934,1.18057,7.6,0.0006
"Jun 11, 2018 12:00",1.1784,1.17984,1.17752,1.17984,14.4,0.0012
"Jun 11, 2018 11:00",1.17836,1.17895,1.17788,1.1784,0.4,0
"Jun 11, 2018 10:00",1.17898,1.17979,1.17787,1.17837,-6.1,-0.05%
"Jun 11, 2018 9:00",1.17839,1.17916,1.1778,1.17895,5.6,0.0005
"Jun 11, 2018 8:00",1.18024,1.18136,1.17839,1.17841,-18.3,-0.16%
"Jun 11, 2018 7:00",1.18072,1.18204,1.18006,1.18023,-4.9,-0.04%
"Jun 11, 2018 6:00",1.17932,1.18156,1.17885,1.18073,14.1,0.0012
"Jun 11, 2018 5:00",1.17982,1.17993,1.1792,1.17939,-4.3,-0.04%
"Jun 11, 2018 4:00",1.17929,1.17995,1.17902,1.17984,5.5,0.0005
"Jun 11, 2018 3:00",1.17968,1.17971,1.17913,1.17927,-4.1,-0.03%
"Jun 11, 2018 2:00",1.18034,1.18061,1.17936,1.17971,-6.3,-0.05%
"Jun 11, 2018 1:00",1.17977,1.18075,1.17954,1.18031,5.4,0.0005
"Jun 11, 2018 0:00",1.17849,1.18002,1.17802,1.17983,13.4,0.0011
"Jun 10, 2018 23:00",1.17714,1.17861,1.17714,1.17846,13.2,0.0011
"Jun 10, 2018 22:00",1.1774,1.17748,1.17709,1.17713,-2.7,-0.02%
"Jun 10, 2018 21:00",1.17739,1.17753,1.17723,1.17742,0.3,0
"Jun 08, 2018 20:00",1.17664,1.1772,1.17645,1.17706,4.2,0.0004
"Jun 08, 2018 19:00",1.17694,1.1771,1.17648,1.1766,-3.4,-0.03%
"Jun 08, 2018 18:00",1.17668,1.17752,1.17652,1.177,3.2,0.0003
"Jun 08, 2018 17:00",1.17729,1.17774,1.17655,1.17666,-6.3,-0.05%
"Jun 08, 2018 16:00",1.17737,1.17782,1.17675,1.17732,-0.5,0
"Jun 08, 2018 15:00",1.17668,1.17742,1.17589,1.17734,6.6,0.0006
"Jun 08, 2018 14:00",1.17576,1.1774,1.17516,1.17667,9.1,0.0008
"Jun 08, 2018 13:00",1.1748,1.17699,1.17404,1.17577,9.7,0.0008
"Jun 08, 2018 12:00",1.17475,1.17571,1.1736,1.17479,0.4,0
"Jun 08, 2018 11:00",1.17363,1.17512,1.17271,1.17478,11.5,0.001
"Jun 08, 2018 10:00",1.17646,1.17647,1.17328,1.17361,-28.5,-0.24%
"Jun 08, 2018 9:00",1.17641,1.17716,1.17623,1.17651,1,0.0001
"Jun 08, 2018 8:00",1.17804,1.17856,1.17592,1.17642,-16.2,-0.14%
"Jun 08, 2018 7:00",1.1778,1.17852,1.17669,1.17808,2.8,0.0002
"Jun 08, 2018 6:00",1.18054,1.18095,1.1771,1.17778,-27.6,-0.23%
"Jun 08, 2018 5:00",1.18059,1.18104,1.18021,1.18053,-0.6,-0.01%
"Jun 08, 2018 4:00",1.17988,1.18067,1.1796,1.18061,7.3,0.0006
"Jun 08, 2018 3:00",1.18001,1.18005,1.17928,1.17989,-1.2,-0.01%
"Jun 08, 2018 2:00",1.18019,1.18058,1.17969,1.17997,-2.2,-0.02%
"Jun 08, 2018 1:00",1.18056,1.18101,1.18015,1.18019,-3.7,-0.03%
"Jun 08, 2018 0:00",1.1793,1.18077,1.17915,1.18056,12.6,0.0011
"Jun 07, 2018 23:00",1.17974,1.17979,1.17922,1.17933,-4.1,-0.03%
"Jun 07, 2018 22:00",1.17972,1.17996,1.17963,1.17968,-0.4,0
"Jun 07, 2018 21:00",1.17976,1.18006,1.17964,1.17977,0.1,0
"Jun 07, 2018 20:00",1.17982,1.18027,1.17962,1.17978,-0.4,0
"Jun 07, 2018 19:00",1.18077,1.18094,1.17982,1.17987,-9,-0.08%
"Jun 07, 2018 18:00",1.18101,1.18152,1.18054,1.18075,-2.6,-0.02%
"Jun 07, 2018 17:00",1.18084,1.18233,1.1803,1.18102,1.8,0.0002
"Jun 07, 2018 16:00",1.18143,1.18192,1.17992,1.1808,-6.3,-0.05%
"Jun 07, 2018 15:00",1.18286,1.18306,1.18132,1.18144,-14.2,-0.12%
"Jun 07, 2018 14:00",1.18115,1.18287,1.18055,1.18282,16.7,0.0014
"Jun 07, 2018 13:00",1.18338,1.18368,1.18059,1.1812,-21.8,-0.18%
"Jun 07, 2018 12:00",1.18294,1.18398,1.18274,1.18336,4.2,0.0004
"Jun 07, 2018 11:00",1.18251,1.18389,1.18132,1.18296,4.5,0.0004
"Jun 07, 2018 10:00",1.18196,1.18298,1.18172,1.18254,5.8,0.0005
"Jun 07, 2018 9:00",1.18213,1.18284,1.18162,1.18195,-1.8,-0.02%
"Jun 07, 2018 8:00",1.18277,1.18308,1.18145,1.18214,-6.3,-0.05%
"Jun 07, 2018 7:00",1.18105,1.18381,1.18084,1.18277,17.2,0.0015
"Jun 07, 2018 6:00",1.18049,1.18135,1.17906,1.18103,5.4,0.0005
"Jun 07, 2018 5:00",1.17938,1.18062,1.17937,1.18051,11.3,0.001
"Jun 07, 2018 4:00",1.17865,1.17949,1.17853,1.17937,7.2,0.0006
"Jun 07, 2018 3:00",1.17889,1.1793,1.17842,1.17864,-2.5,-0.02%
"Jun 07, 2018 2:00",1.17884,1.17943,1.17881,1.17893,0.9,0.0001
"Jun 07, 2018 1:00",1.1792,1.18,1.17876,1.17883,-3.7,-0.03%
"Jun 07, 2018 0:00",1.1781,1.17921,1.17808,1.17915,10.5,0.0009
"Jun 06, 2018 23:00",1.17814,1.17838,1.17793,1.17811,-0.3,0
"Jun 06, 2018 22:00",1.17765,1.17828,1.17744,1.17817,5.2,0.0004
"Jun 06, 2018 21:00",1.17732,1.17771,1.17724,1.17762,3,0.0003
"Jun 06, 2018 20:00",1.17708,1.17756,1.17696,1.17745,3.7,0.0003
"Jun 06, 2018 19:00",1.17683,1.17778,1.1765,1.17711,2.8,0.0002
"Jun 06, 2018 18:00",1.17646,1.17707,1.17603,1.17679,3.3,0.0003
"Jun 06, 2018 17:00",1.17766,1.178,1.17645,1.17646,-12,-0.10%
"Jun 06, 2018 16:00",1.17771,1.17836,1.17705,1.17765,-0.6,-0.01%
"Jun 06, 2018 15:00",1.17813,1.17831,1.17617,1.17777,-3.6,-0.03%
"Jun 06, 2018 14:00",1.17891,1.17903,1.1773,1.17809,-8.2,-0.07%
"Jun 06, 2018 13:00",1.17658,1.17959,1.17653,1.17889,23.1,0.002
"Jun 06, 2018 12:00",1.17701,1.17766,1.17616,1.17655,-4.6,-0.04%
"Jun 06, 2018 11:00",1.17675,1.17796,1.17637,1.17709,3.4,0.0003
"Jun 06, 2018 10:00",1.17704,1.17756,1.17607,1.17674,-3,-0.03%
"Jun 06, 2018 9:00",1.1742,1.17705,1.17412,1.17705,28.5,0.0024
"Jun 06, 2018 8:00",1.17609,1.17709,1.17383,1.17424,-18.5,-0.16%
"Jun 06, 2018 7:00",1.17222,1.17671,1.17152,1.17609,38.7,0.0033
"Jun 06, 2018 6:00",1.17223,1.17522,1.17203,1.17222,-0.1,0
"Jun 06, 2018 5:00",1.17153,1.17268,1.1714,1.17227,7.4,0.0006
"Jun 06, 2018 4:00",1.17267,1.17267,1.1715,1.17154,-11.3,-0.10%
"Jun 06, 2018 3:00",1.1723,1.17285,1.17193,1.17266,3.6,0.0003
"Jun 06, 2018 2:00",1.17267,1.17278,1.17184,1.1723,-3.7,-0.03%
"Jun 06, 2018 1:00",1.17246,1.17344,1.17222,1.17267,2.1,0.0002
"Jun 06, 2018 0:00",1.17267,1.17294,1.17183,1.17249,-1.8,-0.02%
"Jun 05, 2018 23:00",1.17205,1.17326,1.17174,1.17264,5.9,0.0005
"Jun 05, 2018 22:00",1.17176,1.17206,1.17159,1.17206,3,0.0003
"Jun 05, 2018 21:00",1.17161,1.17189,1.17102,1.17168,0.7,0.0001
"Jun 05, 2018 20:00",1.17137,1.17179,1.17122,1.17179,4.2,0.0004
"Jun 05, 2018 19:00",1.17138,1.1715,1.17082,1.17134,-0.4,0
"Jun 05, 2018 18:00",1.17299,1.17317,1.17122,1.17141,-15.8,-0.13%
"Jun 05, 2018 17:00",1.17154,1.17323,1.17153,1.173,14.6,0.0012
"Jun 05, 2018 16:00",1.16721,1.17276,1.1669,1.17154,43.3,0.0037
"Jun 05, 2018 15:00",1.16674,1.16832,1.16643,1.16717,4.3,0.0004
"Jun 05, 2018 14:00",1.1667,1.1671,1.16523,1.16672,0.2,0
"Jun 05, 2018 13:00",1.16664,1.16753,1.16592,1.16668,0.4,0
"Jun 05, 2018 12:00",1.16825,1.16878,1.16621,1.16663,-16.2,-0.14%
"Jun 05, 2018 11:00",1.16781,1.16864,1.16762,1.16823,4.2,0.0004
"Jun 05, 2018 10:00",1.17023,1.17027,1.1676,1.16782,-24.1,-0.21%
"Jun 05, 2018 9:00",1.17046,1.17063,1.16923,1.17024,-2.2,-0.02%
"Jun 05, 2018 8:00",1.16952,1.17165,1.16911,1.17047,9.5,0.0008
"Jun 05, 2018 7:00",1.17039,1.17081,1.16853,1.16949,-9,-0.08%
"Jun 05, 2018 6:00",1.16909,1.1706,1.16836,1.1704,13.1,0.0011
"Jun 05, 2018 5:00",1.16865,1.16914,1.16831,1.16909,4.4,0.0004
"Jun 05, 2018 4:00",1.16908,1.16918,1.16863,1.1687,-3.8,-0.03%
"Jun 05, 2018 3:00",1.16898,1.16955,1.16892,1.16905,0.7,0.0001
"Jun 05, 2018 2:00",1.16943,1.16953,1.16871,1.16904,-3.9,-0.03%
"Jun 05, 2018 1:00",1.16936,1.16976,1.16882,1.16941,0.5,0
"Jun 05, 2018 0:00",1.17003,1.17035,1.16927,1.16936,-6.7,-0.06%
"Jun 04, 2018 23:00",1.16989,1.17006,1.16949,1.16998,0.9,0.0001
"Jun 04, 2018 22:00",1.16962,1.16998,1.16962,1.16994,3.2,0.0003
"Jun 04, 2018 21:00",1.16973,1.17022,1.16907,1.16965,-0.8,-0.01%
"Jun 04, 2018 20:00",1.16959,1.1697,1.1693,1.16955,-0.4,0
"Jun 04, 2018 19:00",1.16982,1.16991,1.16938,1.16961,-2.1,-0.02%
"Jun 04, 2018 18:00",1.16984,1.17023,1.16928,1.16985,0.1,0
"Jun 04, 2018 17:00",1.16853,1.16985,1.16852,1.16985,13.2,0.0011
"Jun 04, 2018 16:00",1.16951,1.16977,1.1684,1.16856,-9.5,-0.08%
"Jun 04, 2018 15:00",1.16974,1.17022,1.16774,1.16952,-2.2,-0.02%
"Jun 04, 2018 14:00",1.17167,1.17253,1.16916,1.16972,-19.5,-0.17%
"Jun 04, 2018 13:00",1.17157,1.17237,1.17062,1.17171,1.4,0.0001
"Jun 04, 2018 12:00",1.17371,1.17445,1.17152,1.17155,-21.6,-0.18%
"Jun 04, 2018 11:00",1.17213,1.17379,1.17199,1.1737,15.7,0.0013
"Jun 04, 2018 10:00",1.17292,1.17372,1.17199,1.17215,-7.7,-0.07%
"Jun 04, 2018 9:00",1.17095,1.17336,1.17075,1.17293,19.8,0.0017
"Jun 04, 2018 8:00",1.16963,1.1718,1.16842,1.17096,13.3,0.0011
"Jun 04, 2018 7:00",1.16836,1.1715,1.16751,1.16965,12.9,0.0011
"Jun 04, 2018 6:00",1.1691,1.16937,1.16765,1.16839,-7.1,-0.06%
"Jun 04, 2018 5:00",1.16918,1.16971,1.16881,1.16911,-0.7,-0.01%
"Jun 04, 2018 4:00",1.16947,1.16956,1.16895,1.16914,-3.3,-0.03%
"Jun 04, 2018 3:00",1.16867,1.16964,1.16865,1.16947,8,0.0007
"Jun 04, 2018 2:00",1.16893,1.16908,1.16856,1.16869,-2.4,-0.02%
"Jun 04, 2018 1:00",1.16757,1.16909,1.16724,1.1689,13.3,0.0011
"Jun 04, 2018 0:00",1.16672,1.16793,1.16668,1.16756,8.4,0.0007
"Jun 03, 2018 23:00",1.16627,1.16686,1.16626,1.16675,4.8,0.0004
"Jun 03, 2018 22:00",1.1662,1.16641,1.16612,1.16623,0.3,0
"Jun 03, 2018 21:00",1.16559,1.16689,1.16559,1.1662,6.1,0.0005
"Jun 01, 2018 20:00",1.16551,1.1666,1.16546,1.16601,5,0.0004
"Jun 01, 2018 19:00",1.16632,1.16634,1.16533,1.16551,-8.1,-0.07%
"Jun 01, 2018 18:00",1.16578,1.16637,1.16563,1.16633,5.5,0.0005
"Jun 01, 2018 17:00",1.16654,1.16695,1.16554,1.16579,-7.5,-0.06%
"Jun 01, 2018 16:00",1.16775,1.16796,1.1661,1.16651,-12.4,-0.11%
"Jun 01, 2018 15:00",1.16636,1.16812,1.16609,1.16778,14.2,0.0012
"Jun 01, 2018 14:00",1.16711,1.16786,1.1617,1.16636,-7.5,-0.06%
"Jun 01, 2018 13:00",1.16583,1.16837,1.16539,1.16711,12.8,0.0011
"Jun 01, 2018 12:00",1.16738,1.16877,1.16475,1.1658,-15.8,-0.14%
"Jun 01, 2018 11:00",1.17101,1.17106,1.16707,1.16738,-36.3,-0.31%
"Jun 01, 2018 10:00",1.17049,1.17181,1.17021,1.17099,5,0.0004
"Jun 01, 2018 9:00",1.16821,1.17084,1.16777,1.17051,23,0.002
"Jun 01, 2018 8:00",1.16837,1.1698,1.16775,1.1682,-1.7,-0.01%
"Jun 01, 2018 7:00",1.16853,1.17029,1.16807,1.16838,-1.5,-0.01%
"Jun 01, 2018 6:00",1.16754,1.16863,1.16656,1.16852,9.8,0.0008
"Jun 01, 2018 5:00",1.16779,1.16793,1.16652,1.16752,-2.7,-0.02%
"Jun 01, 2018 4:00",1.1682,1.16823,1.16756,1.16779,-4.1,-0.04%
"Jun 01, 2018 3:00",1.16851,1.16869,1.16772,1.16822,-2.9,-0.02%
"Jun 01, 2018 2:00",1.16924,1.16966,1.16839,1.16849,-7.5,-0.06%
"Jun 01, 2018 1:00",1.1694,1.16966,1.16873,1.16925,-1.5,-0.01%
"Jun 01, 2018 0:00",1.16925,1.16947,1.16859,1.16939,1.4,0.0001
"May 31, 2018 23:00",1.17051,1.17051,1.16916,1.16921,-13,-0.11%
"May 31, 2018 22:00",1.16922,1.17064,1.16918,1.1705,12.8,0.0011
"May 31, 2018 21:00",1.16898,1.1695,1.16733,1.16919,2.1,0.0002
"May 31, 2018 20:00",1.16901,1.1697,1.16881,1.16924,2.3,0.0002
"May 31, 2018 19:00",1.1686,1.16934,1.16828,1.16904,4.4,0.0004
"May 31, 2018 18:00",1.16779,1.16942,1.16729,1.16859,8,0.0007
"May 31, 2018 17:00",1.16706,1.1689,1.16705,1.16783,7.7,0.0007
"May 31, 2018 16:00",1.16687,1.16748,1.16573,1.16705,1.8,0.0002
"May 31, 2018 15:00",1.16706,1.16988,1.16413,1.16689,-1.7,-0.01%
"May 31, 2018 14:00",1.16486,1.16823,1.16485,1.16703,21.7,0.0019
"May 31, 2018 13:00",1.16728,1.16746,1.16458,1.16486,-24.2,-0.21%
"May 31, 2018 12:00",1.17077,1.17085,1.167,1.16724,-35.3,-0.30%
"May 31, 2018 11:00",1.16791,1.17087,1.16763,1.17077,28.6,0.0024
"May 31, 2018 10:00",1.17032,1.17041,1.16734,1.16793,-23.9,-0.20%
"May 31, 2018 9:00",1.17197,1.17235,1.16919,1.1703,-16.7,-0.14%
"May 31, 2018 8:00",1.17115,1.1724,1.17034,1.17195,8,0.0007
"May 31, 2018 7:00",1.1684,1.17189,1.1679,1.17116,27.6,0.0024
"May 31, 2018 6:00",1.16811,1.16983,1.16641,1.16839,2.8,0.0002
"May 31, 2018 5:00",1.16647,1.16887,1.16589,1.16814,16.7,0.0014
"May 31, 2018 4:00",1.16666,1.16679,1.16618,1.16651,-1.5,-0.01%
"May 31, 2018 3:00",1.16578,1.16724,1.1657,1.16664,8.6,0.0007
"May 31, 2018 2:00",1.16542,1.16607,1.16527,1.16581,3.9,0.0003
"May 31, 2018 1:00",1.1663,1.16631,1.16482,1.16543,-8.7,-0.07%
"May 31, 2018 0:00",1.16644,1.16661,1.16548,1.16625,-1.9,-0.02%
"May 30, 2018 23:00",1.16649,1.16709,1.16632,1.16646,-0.3,0
"May 30, 2018 22:00",1.16672,1.16694,1.16622,1.16648,-2.4,-0.02%
"May 30, 2018 21:00",1.16623,1.16684,1.16609,1.16671,4.8,0.0004
"May 30, 2018 20:00",1.16617,1.16703,1.16591,1.16641,2.4,0.0002
"May 30, 2018 19:00",1.16534,1.16639,1.16517,1.16617,8.3,0.0007
"May 30, 2018 18:00",1.16516,1.16545,1.16449,1.16533,1.7,0.0001
"May 30, 2018 17:00",1.16639,1.16671,1.16505,1.16517,-12.2,-0.10%
"May 30, 2018 16:00",1.16635,1.16671,1.16518,1.16636,0.1,0
"May 30, 2018 15:00",1.16108,1.1676,1.16097,1.16637,52.9,0.0045
"May 30, 2018 14:00",1.16163,1.16192,1.15941,1.16108,-5.5,-0.05%
"May 30, 2018 13:00",1.16251,1.16321,1.16131,1.16162,-8.9,-0.08%
"May 30, 2018 12:00",1.16376,1.16481,1.16247,1.16255,-12.1,-0.10%
"May 30, 2018 11:00",1.1628,1.16406,1.16221,1.16369,8.9,0.0008
"May 30, 2018 10:00",1.16156,1.16298,1.1602,1.16282,12.6,0.0011
"May 30, 2018 9:00",1.16112,1.16176,1.15919,1.16155,4.3,0.0004
"May 30, 2018 8:00",1.16033,1.16116,1.15816,1.16116,8.3,0.0007
"May 30, 2018 7:00",1.15804,1.16124,1.15705,1.16035,23.1,0.002
"May 30, 2018 6:00",1.15558,1.15825,1.15501,1.15799,24.1,0.0021
"May 30, 2018 5:00",1.1541,1.15581,1.15298,1.15562,15.2,0.0013
"May 30, 2018 4:00",1.15335,1.15425,1.15316,1.15407,7.2,0.0006
"May 30, 2018 3:00",1.15269,1.15385,1.15207,1.15339,7,0.0006
"May 30, 2018 2:00",1.15391,1.15392,1.15186,1.15267,-12.4,-0.11%
"May 30, 2018 1:00",1.15341,1.15462,1.15317,1.15389,4.8,0.0004
"May 30, 2018 0:00",1.15375,1.15416,1.15318,1.1534,-3.5,-0.03%
"May 29, 2018 23:00",1.15411,1.15446,1.15334,1.15377,-3.4,-0.03%
"May 29, 2018 22:00",1.15441,1.15491,1.15392,1.15412,-2.9,-0.03%
"May 29, 2018 21:00",1.15392,1.15474,1.1532,1.15441,4.9,0.0004
"May 29, 2018 20:00",1.15362,1.15435,1.15328,1.15371,0.9,0.0001
"May 29, 2018 19:00",1.15322,1.15419,1.15261,1.15366,4.4,0.0004
"May 29, 2018 18:00",1.15347,1.15412,1.15238,1.15323,-2.4,-0.02%
"May 29, 2018 17:00",1.15462,1.15467,1.15194,1.15346,-11.6,-0.10%
"May 29, 2018 16:00",1.15509,1.15596,1.15439,1.15459,-5,-0.04%
"May 29, 2018 15:00",1.15645,1.15657,1.15417,1.1551,-13.5,-0.12%
"May 29, 2018 14:00",1.1578,1.15896,1.15598,1.15642,-13.8,-0.12%
"May 29, 2018 13:00",1.15762,1.15846,1.1567,1.1578,1.8,0.0002
"May 29, 2018 12:00",1.15547,1.15815,1.15511,1.1576,21.3,0.0018
"May 29, 2018 11:00",1.15514,1.15561,1.15329,1.15549,3.5,0.0003
"May 29, 2018 10:00",1.15425,1.15693,1.15393,1.15512,8.7,0.0008
"May 29, 2018 9:00",1.1543,1.15536,1.15102,1.15427,-0.3,0
"May 29, 2018 8:00",1.15673,1.15751,1.15306,1.15426,-24.7,-0.21%
"May 29, 2018 7:00",1.15944,1.15999,1.15657,1.15673,-27.1,-0.23%
"May 29, 2018 6:00",1.16304,1.16394,1.15857,1.15945,-35.9,-0.31%
"May 29, 2018 5:00",1.16289,1.16356,1.16252,1.16305,1.6,0.0001
"May 29, 2018 4:00",1.16286,1.16323,1.16277,1.16291,0.5,0
"May 29, 2018 3:00",1.16241,1.16329,1.16202,1.16287,4.6,0.0004
"May 29, 2018 2:00",1.1621,1.16273,1.16198,1.16236,2.6,0.0002
"May 29, 2018 1:00",1.16271,1.16285,1.16138,1.16211,-6,-0.05%
"May 29, 2018 0:00",1.16263,1.16331,1.16222,1.1627,0.7,0.0001
"May 28, 2018 23:00",1.16265,1.1629,1.16244,1.16263,-0.2,0
"May 28, 2018 22:00",1.16242,1.16281,1.1623,1.16265,2.3,0.0002
"May 28, 2018 21:00",1.1623,1.16248,1.16187,1.16239,0.9,0.0001
"May 28, 2018 20:00",1.16266,1.1627,1.16241,1.16244,-2.2,-0.02%
"May 28, 2018 19:00",1.16275,1.16287,1.16256,1.16262,-1.3,-0.01%
"May 28, 2018 18:00",1.16276,1.16284,1.1627,1.1628,0.4,0
"May 28, 2018 17:00",1.16289,1.1629,1.16226,1.16274,-1.5,-0.01%
"May 28, 2018 16:00",1.16286,1.16329,1.16244,1.1629,0.4,0
"May 28, 2018 15:00",1.16209,1.16315,1.16195,1.16281,7.2,0.0006
"May 28, 2018 14:00",1.16167,1.16294,1.16159,1.16212,4.5,0.0004
"May 28, 2018 13:00",1.1609,1.1625,1.16072,1.16163,7.3,0.0006
"May 28, 2018 12:00",1.16403,1.16468,1.16077,1.1609,-31.3,-0.27%
"May 28, 2018 11:00",1.16575,1.16575,1.16348,1.16404,-17.1,-0.15%
"May 28, 2018 10:00",1.16685,1.16685,1.16393,1.16577,-10.8,-0.09%
"May 28, 2018 9:00",1.16778,1.1679,1.16607,1.16684,-9.4,-0.08%
"May 28, 2018 8:00",1.16956,1.16966,1.16757,1.16777,-17.9,-0.15%
"May 28, 2018 7:00",1.17078,1.17116,1.16885,1.1696,-11.8,-0.10%
"May 28, 2018 6:00",1.17265,1.17272,1.17046,1.17077,-18.8,-0.16%
"May 28, 2018 5:00",1.17243,1.17282,1.17199,1.17263,2,0.0002
"May 28, 2018 4:00",1.17161,1.17245,1.17131,1.17244,8.3,0.0007
"May 28, 2018 3:00",1.17071,1.17187,1.17065,1.17161,9,0.0008
"May 28, 2018 2:00",1.17054,1.17074,1.1699,1.17069,1.5,0.0001
"May 28, 2018 1:00",1.16977,1.17124,1.16955,1.17056,7.9,0.0007
"May 28, 2018 0:00",1.16888,1.17054,1.16841,1.16978,9,0.0008
"May 27, 2018 23:00",1.16889,1.1692,1.16842,1.16882,-0.7,-0.01%
"May 27, 2018 22:00",1.16881,1.16904,1.1676,1.16892,1.1,0.0001
"May 27, 2018 21:00",1.16846,1.16909,1.16797,1.16882,3.6,0.0003
"May 25, 2018 20:00",1.16609,1.16624,1.16458,1.16516,-9.3,-0.08%
"May 25, 2018 19:00",1.16691,1.16698,1.16603,1.16609,-8.2,-0.07%
"May 25, 2018 18:00",1.16601,1.16698,1.16549,1.16689,8.8,0.0008
"May 25, 2018 17:00",1.16609,1.16758,1.16577,1.16599,-1,-0.01%
"May 25, 2018 16:00",1.16655,1.16705,1.16573,1.16612,-4.3,-0.04%
"May 25, 2018 15:00",1.16551,1.16698,1.1652,1.16652,10.1,0.0009
"May 25, 2018 14:00",1.16514,1.16656,1.1649,1.16552,3.8,0.0003
"May 25, 2018 13:00",1.16763,1.16799,1.16462,1.1651,-25.3,-0.22%
"May 25, 2018 12:00",1.16683,1.16866,1.16638,1.16765,8.2,0.0007
"May 25, 2018 11:00",1.17084,1.17097,1.16617,1.16681,-40.3,-0.35%
"May 25, 2018 10:00",1.17141,1.17336,1.17056,1.17088,-5.3,-0.05%
"May 25, 2018 9:00",1.1727,1.17288,1.17044,1.17141,-12.9,-0.11%
"May 25, 2018 8:00",1.16887,1.17281,1.16879,1.17269,38.2,0.0033
"May 25, 2018 7:00",1.17023,1.17045,1.16846,1.16891,-13.2,-0.11%
"May 25, 2018 6:00",1.17055,1.17106,1.16982,1.1702,-3.5,-0.03%
"May 25, 2018 5:00",1.1709,1.17107,1.17049,1.17056,-3.4,-0.03%
"May 25, 2018 4:00",1.1709,1.1711,1.17059,1.17091,0.1,0
"May 25, 2018 3:00",1.1708,1.17124,1.17061,1.1709,1,0.0001
"May 25, 2018 2:00",1.171,1.17105,1.17049,1.1708,-2,-0.02%
"May 25, 2018 1:00",1.17182,1.17184,1.17064,1.17104,-7.8,-0.07%
"May 25, 2018 0:00",1.17222,1.17262,1.17153,1.17177,-4.5,-0.04%
"May 24, 2018 23:00",1.17213,1.1723,1.17178,1.1722,0.7,0.0001
"May 24, 2018 22:00",1.17216,1.17233,1.17183,1.17213,-0.3,0
"May 24, 2018 21:00",1.17189,1.1723,1.17189,1.17214,2.5,0.0002
"May 24, 2018 20:00",1.17242,1.1726,1.17194,1.17202,-4,-0.03%
"May 24, 2018 19:00",1.17271,1.17287,1.17215,1.17243,-2.8,-0.02%
"May 24, 2018 18:00",1.17391,1.17392,1.17244,1.17267,-12.4,-0.11%
"May 24, 2018 17:00",1.17325,1.17443,1.17321,1.17393,6.8,0.0006
"May 24, 2018 16:00",1.17287,1.17331,1.1724,1.17322,3.5,0.0003
"May 24, 2018 15:00",1.17239,1.17333,1.17201,1.17284,4.5,0.0004
"May 24, 2018 14:00",1.17306,1.17501,1.1717,1.17241,-6.5,-0.06%
"May 24, 2018 13:00",1.17268,1.17354,1.17143,1.17307,3.9,0.0003
"May 24, 2018 12:00",1.17136,1.17372,1.17129,1.17264,12.8,0.0011
"May 24, 2018 11:00",1.17199,1.17227,1.1705,1.17133,-6.6,-0.06%
"May 24, 2018 10:00",1.17286,1.1731,1.17168,1.17204,-8.2,-0.07%
"May 24, 2018 9:00",1.17379,1.17449,1.17264,1.1728,-9.9,-0.08%
"May 24, 2018 8:00",1.17223,1.17461,1.17202,1.17382,15.9,0.0014
"May 24, 2018 7:00",1.17173,1.17331,1.1713,1.17224,5.1,0.0004
"May 24, 2018 6:00",1.17075,1.17214,1.16933,1.17175,10,0.0009
"May 24, 2018 5:00",1.17092,1.17095,1.16972,1.17074,-1.8,-0.02%
"May 24, 2018 4:00",1.1704,1.17141,1.1704,1.17093,5.3,0.0005
"May 24, 2018 3:00",1.17057,1.17089,1.16978,1.17035,-2.2,-0.02%
"May 24, 2018 2:00",1.16959,1.17125,1.1691,1.17057,9.8,0.0008
"May 24, 2018 1:00",1.17069,1.17118,1.16907,1.16961,-10.8,-0.09%
"May 24, 2018 0:00",1.17089,1.1709,1.17009,1.17069,-2,-0.02%
"May 23, 2018 23:00",1.1705,1.1714,1.17046,1.17093,4.3,0.0004
"May 23, 2018 22:00",1.1703,1.17066,1.17011,1.1705,2,0.0002
"May 23, 2018 21:00",1.16948,1.17067,1.16948,1.17025,7.7,0.0007
"May 23, 2018 20:00",1.1704,1.17051,1.16942,1.16967,-7.3,-0.06%
"May 23, 2018 19:00",1.16971,1.17069,1.16933,1.17035,6.4,0.0005
"May 23, 2018 18:00",1.16785,1.17097,1.16756,1.1697,18.5,0.0016
"May 23, 2018 17:00",1.16932,1.16943,1.16781,1.16787,-14.5,-0.12%
"May 23, 2018 16:00",1.16926,1.17067,1.16899,1.16931,0.5,0
"May 23, 2018 15:00",1.17037,1.17104,1.16906,1.1693,-10.7,-0.09%
"May 23, 2018 14:00",1.17056,1.17192,1.16978,1.17032,-2.4,-0.02%
"May 23, 2018 13:00",1.17007,1.17177,1.16849,1.17062,5.5,0.0005
"May 23, 2018 12:00",1.17,1.17135,1.16968,1.17004,0.4,0
"May 23, 2018 11:00",1.17137,1.17137,1.16919,1.17,-13.7,-0.12%
"May 23, 2018 10:00",1.17255,1.17332,1.17115,1.17139,-11.6,-0.10%
"May 23, 2018 9:00",1.17288,1.17481,1.1715,1.17255,-3.3,-0.03%
"May 23, 2018 8:00",1.17114,1.17305,1.16985,1.17286,17.2,0.0015
"May 23, 2018 7:00",1.17652,1.17652,1.17016,1.17115,-53.7,-0.46%
"May 23, 2018 6:00",1.17623,1.17676,1.17512,1.17654,3.1,0.0003
"May 23, 2018 5:00",1.17658,1.17684,1.17621,1.17627,-3.1,-0.03%
"May 23, 2018 4:00",1.17621,1.17675,1.17594,1.17654,3.3,0.0003
"May 23, 2018 3:00",1.17541,1.17625,1.17502,1.17622,8.1,0.0007
"May 23, 2018 2:00",1.1763,1.17654,1.17528,1.17542,-8.8,-0.07%
"May 23, 2018 1:00",1.17825,1.17878,1.17548,1.1763,-19.5,-0.17%
"May 23, 2018 0:00",1.17883,1.17893,1.17793,1.17826,-5.7,-0.05%
"May 22, 2018 23:00",1.17825,1.17896,1.17779,1.17881,5.6,0.0005
"May 22, 2018 22:00",1.17778,1.17829,1.17766,1.17823,4.5,0.0004
"May 22, 2018 21:00",1.17771,1.17797,1.17758,1.17776,0.5,0
"May 22, 2018 20:00",1.1782,1.17826,1.17771,1.1778,-4,-0.03%
"May 22, 2018 19:00",1.17785,1.17848,1.17769,1.17821,3.6,0.0003
"May 22, 2018 18:00",1.17763,1.17808,1.17711,1.17781,1.8,0.0002
"May 22, 2018 17:00",1.17842,1.17851,1.17705,1.17764,-7.8,-0.07%
"May 22, 2018 16:00",1.17838,1.17876,1.17789,1.17841,0.3,0
"May 22, 2018 15:00",1.1773,1.17927,1.1769,1.17843,11.3,0.001
"May 22, 2018 14:00",1.1789,1.17922,1.17692,1.17725,-16.5,-0.14%
"May 22, 2018 13:00",1.1781,1.17936,1.17733,1.1789,8,0.0007
"May 22, 2018 12:00",1.18088,1.18121,1.17755,1.17814,-27.4,-0.23%
"May 22, 2018 11:00",1.18098,1.18234,1.18048,1.18087,-1.1,-0.01%
"May 22, 2018 10:00",1.1823,1.18268,1.18083,1.18098,-13.2,-0.11%
"May 22, 2018 9:00",1.18083,1.18247,1.18061,1.18232,14.9,0.0013
"May 22, 2018 8:00",1.18176,1.18299,1.18039,1.18083,-9.3,-0.08%
"May 22, 2018 7:00",1.17618,1.18196,1.1757,1.18178,56,0.0047
"May 22, 2018 6:00",1.17832,1.17903,1.17592,1.17615,-21.7,-0.18%
"May 22, 2018 5:00",1.17743,1.17856,1.17738,1.17836,9.3,0.0008
"May 22, 2018 4:00",1.17817,1.17821,1.17737,1.17741,-7.6,-0.06%
"May 22, 2018 3:00",1.17819,1.17879,1.17814,1.17817,-0.2,0
"May 22, 2018 2:00",1.17815,1.17865,1.1779,1.17821,0.6,0.0001
"May 22, 2018 1:00",1.17917,1.17919,1.17799,1.17814,-10.3,-0.09%
"May 22, 2018 0:00",1.17901,1.17971,1.17858,1.17914,1.3,0.0001
"May 21, 2018 23:00",1.17954,1.17972,1.17859,1.17899,-5.5,-0.05%
"May 21, 2018 22:00",1.17935,1.17968,1.17905,1.17954,1.9,0.0002
"May 21, 2018 21:00",1.1791,1.17949,1.17885,1.17935,2.5,0.0002
"May 21, 2018 20:00",1.17859,1.17955,1.17845,1.17907,4.8,0.0004
"May 21, 2018 19:00",1.17721,1.17884,1.17711,1.17862,14.1,0.0012
"May 21, 2018 18:00",1.17693,1.17738,1.17655,1.17718,2.5,0.0002
"May 21, 2018 17:00",1.17713,1.17782,1.17662,1.17698,-1.5,-0.01%
"May 21, 2018 16:00",1.17679,1.17745,1.17643,1.17709,3,0.0003
"May 21, 2018 15:00",1.1752,1.17689,1.17497,1.17683,16.3,0.0014
"May 21, 2018 14:00",1.17649,1.17774,1.17431,1.1752,-12.9,-0.11%
"May 21, 2018 13:00",1.17688,1.17795,1.1763,1.17647,-4.1,-0.03%
"May 21, 2018 12:00",1.17617,1.1774,1.17528,1.17693,7.6,0.0006
"May 21, 2018 11:00",1.17507,1.17623,1.17445,1.17613,10.6,0.0009
"May 21, 2018 10:00",1.17473,1.17596,1.17429,1.17511,3.8,0.0003
"May 21, 2018 9:00",1.17418,1.17474,1.17334,1.17472,5.4,0.0005
"May 21, 2018 8:00",1.17261,1.17449,1.17167,1.17418,15.7,0.0013
"May 21, 2018 7:00",1.17286,1.1733,1.17206,1.17254,-3.2,-0.03%
"May 21, 2018 6:00",1.17506,1.17506,1.17282,1.17287,-21.9,-0.19%
"May 21, 2018 5:00",1.17506,1.17529,1.17458,1.17503,-0.3,0
"May 21, 2018 4:00",1.17517,1.17537,1.17447,1.17506,-1.1,-0.01%
"May 21, 2018 3:00",1.17472,1.17548,1.17467,1.17517,4.5,0.0004
"May 21, 2018 2:00",1.17589,1.17589,1.17457,1.17472,-11.7,-0.10%
"May 21, 2018 1:00",1.17473,1.17584,1.17444,1.17584,11.1,0.0009
"May 21, 2018 0:00",1.17654,1.1768,1.17443,1.17477,-17.7,-0.15%
"May 20, 2018 23:00",1.17663,1.1768,1.17601,1.1765,-1.3,-0.01%
"May 20, 2018 22:00",1.17677,1.17709,1.1764,1.17662,-1.5,-0.01%
"May 20, 2018 21:00",1.17676,1.17753,1.17668,1.17681,0.5,0
"May 18, 2018 20:00",1.17678,1.17712,1.17646,1.17695,1.7,0.0001
"May 18, 2018 19:00",1.17732,1.17759,1.17657,1.1768,-5.2,-0.04%
"May 18, 2018 18:00",1.17748,1.17786,1.17723,1.17729,-1.9,-0.02%
"May 18, 2018 17:00",1.17843,1.17854,1.17724,1.17749,-9.4,-0.08%
"May 18, 2018 16:00",1.17752,1.17885,1.17735,1.17841,8.9,0.0008
"May 18, 2018 15:00",1.17696,1.17767,1.17617,1.17755,5.9,0.0005
"May 18, 2018 14:00",1.17574,1.17775,1.175,1.17698,12.4,0.0011
"May 18, 2018 13:00",1.17697,1.17733,1.17524,1.1757,-12.7,-0.11%
"May 18, 2018 12:00",1.17841,1.17851,1.17613,1.17694,-14.7,-0.12%
"May 18, 2018 11:00",1.1781,1.17887,1.17723,1.1784,3,0.0003
"May 18, 2018 10:00",1.17766,1.17878,1.17763,1.17813,4.7,0.0004
"May 18, 2018 9:00",1.1806,1.18097,1.17744,1.17763,-29.7,-0.25%
"May 18, 2018 8:00",1.18128,1.18144,1.18049,1.18063,-6.5,-0.06%
"May 18, 2018 7:00",1.18162,1.18219,1.18076,1.18126,-3.6,-0.03%