,ask,bid,change,contractSize,contractSymbol,currency,expiration,impliedVolatility,inTheMoney,lastPrice,lastTradeDate,openInterest,percentChange,strike,type,volume,dte,human_time
0,10.7,9.2,0.0,REGULAR,IQ180713C00020000,USD,1531440000,1.5000025,True,11.0,1530538204,1,0.0,20.0,call,1,4,2018-07-12 17:00:00
1,7.3,4.5,0.0,REGULAR,IQ180713C00024000,USD,1531440000,2.626956557617188,True,7.8,1530552099,1,0.0,24.0,call,3,4,2018-07-12 17:00:00
2,8.3,7.8,0.0,REGULAR,IQ180713C00025000,USD,1531440000,3.766602145996094,True,9.9,1530125016,0,0.0,25.0,call,1,4,2018-07-12 17:00:00
3,5.2,3.8,0.0,REGULAR,IQ180713C00025500,USD,1531440000,0.816408085937499,True,4.6,1530935175,0,0.0,25.5,call,6,4,2018-07-12 17:00:00
4,4.7,3.9,-2.6100000999999997,REGULAR,IQ180713C00026000,USD,1531440000,1.15625421875,True,3.9,1530906872,9,-40.092167,26.0,call,6,4,2018-07-12 17:00:00
5,4.2,2.95,0.0,REGULAR,IQ180713C00026500,USD,1531440000,0.7812521875,True,6.8,1530635639,1,0.0,26.5,call,1,4,2018-07-12 17:00:00
6,4.1,2.45,0.0,REGULAR,IQ180713C00027000,USD,1531440000,0.91992267578125,True,3.1,1530935175,0,0.0,27.0,call,8,4,2018-07-12 17:00:00
7,3.0,2.55,0.0,REGULAR,IQ180713C00027500,USD,1531440000,0.81445498046875,True,2.7,1530935175,0,0.0,27.5,call,17,4,2018-07-12 17:00:00
8,2.7,2.1,0.0,REGULAR,IQ180713C00028000,USD,1531440000,0.81445498046875,True,2.3,1530935175,1,0.0,28.0,call,27,4,2018-07-12 17:00:00
9,2.95,1.9500000000000002,1.4200001,REGULAR,IQ180713C00028500,USD,1531440000,1.1015669921875,True,2.0,1530935175,2,34.803925,28.5,call,1,4,2018-07-12 17:00:00
10,2.05,1.75,-1.31,REGULAR,IQ180713C00029000,USD,1531440000,0.9238288867187501,True,1.7000000000000002,1530906601,69,-43.52159,29.0,call,145,4,2018-07-12 17:00:00
11,1.8,1.5,0.0,REGULAR,IQ180713C00029500,USD,1531440000,0.9414068359375001,True,1.5,1530935175,41,0.0,29.5,call,84,4,2018-07-12 17:00:00
12,1.3,1.2,-0.8599998999999999,REGULAR,IQ180713C00030000,USD,1531440000,0.84179845703125,False,1.24,1530907193,313,-40.952377,30.0,call,821,4,2018-07-12 17:00:00
13,1.1,0.9500000000000001,-1.0699999,REGULAR,IQ180713C00030500,USD,1531440000,0.837892246093749,False,0.96,1530906883,27,-52.70936,30.5,call,501,4,2018-07-12 17:00:00
14,0.9,0.8,-0.85,REGULAR,IQ180713C00031000,USD,1531440000,0.847657773437499,False,0.85,1530907081,665,-50.0,31.0,call,1385,4,2018-07-12 17:00:00
15,0.85,0.7000000000000001,-0.8200000000000001,REGULAR,IQ180713C00031500,USD,1531440000,0.9101571484375001,False,0.68,1530907148,272,-54.666668,31.5,call,695,4,2018-07-12 17:00:00
16,0.65,0.5,-0.68,REGULAR,IQ180713C00032000,USD,1531440000,0.867188828125,False,0.56,1530907101,295,-54.83871,32.0,call,651,4,2018-07-12 17:00:00
17,0.5,0.4,-0.55,REGULAR,IQ180713C00032500,USD,1531440000,0.85937640625,False,0.45,1530906684,471,-55.0,32.5,call,281,4,2018-07-12 17:00:00
18,0.4,0.35000000000000003,-0.53,REGULAR,IQ180713C00033000,USD,1531440000,0.878907460937499,False,0.37,1530907036,618,-58.88889,33.0,call,1330,4,2018-07-12 17:00:00
19,0.35000000000000003,0.15,-0.45,REGULAR,IQ180713C00033500,USD,1531440000,0.8320329296874991,False,0.30000000000000004,1530906625,276,-59.999996,33.5,call,98,4,2018-07-12 17:00:00
20,0.30000000000000004,0.2,-0.36,REGULAR,IQ180713C00034000,USD,1531440000,0.9023447265625,False,0.24,1530904729,327,-60.000004,34.0,call,116,4,2018-07-12 17:00:00
21,0.30000000000000004,0.1,-0.05000007,REGULAR,IQ180713C00034500,USD,1531440000,0.9082040429687491,False,0.2,1530935176,49,-3.4482808,34.5,call,14,4,2018-07-12 17:00:00
22,0.2,0.15,-0.34,REGULAR,IQ180713C00035000,USD,1531440000,0.9375006250000001,False,0.16,1530907054,1636,-68.0,35.0,call,112,4,2018-07-12 17:00:00
23,0.35000000000000003,0.05,-0.28,REGULAR,IQ180713C00035500,USD,1531440000,1.033207958984375,False,0.15,1530900343,242,-65.11628,35.5,call,13,4,2018-07-12 17:00:00
24,0.15,0.1,-0.20000002,REGULAR,IQ180713C00036000,USD,1531440000,0.9726565234375,False,0.1,1530905666,292,-66.66667,36.0,call,16,4,2018-07-12 17:00:00
25,0.2,0.05,-0.20000002,REGULAR,IQ180713C00036500,USD,1531440000,1.02734861328125,False,0.1,1530902572,123,-66.66667,36.5,call,33,4,2018-07-12 17:00:00
26,0.1,0.05,-0.15,REGULAR,IQ180713C00037000,USD,1531440000,0.9726565234375,False,0.1,1530904313,628,-60.000004,37.0,call,181,4,2018-07-12 17:00:00
27,0.15,0.0,-0.080000006,REGULAR,IQ180713C00037500,USD,1531440000,1.01953615234375,False,0.12,1530890643,230,-40.000004,37.5,call,114,4,2018-07-12 17:00:00
28,0.15,0.05,-0.120000005,REGULAR,IQ180713C00038000,USD,1531440000,1.12891060546875,False,0.05,1530888098,325,-70.588234,38.0,call,1,4,2018-07-12 17:00:00
29,0.25,0.05,0.0,REGULAR,IQ180713C00038500,USD,1531440000,1.281253593749999,False,0.54,1530629864,86,0.0,38.5,call,10,4,2018-07-12 17:00:00
30,0.15,0.0,-0.050000004,REGULAR,IQ180713C00039000,USD,1531440000,1.15625421875,False,0.1,1530888748,1422,-33.333336,39.0,call,6,4,2018-07-12 17:00:00
31,0.05,0.0,0.0,REGULAR,IQ180713C00039500,USD,1531440000,1.0078174609375,False,0.15,1530884970,81,0.0,39.5,call,8,4,2018-07-12 17:00:00
32,0.15,0.0,-0.05,REGULAR,IQ180713C00040000,USD,1531440000,1.242191289062499,False,0.05,1530904293,359,-50.0,40.0,call,44,4,2018-07-12 17:00:00
33,0.65,0.30000000000000004,-0.030000001000000002,REGULAR,IQ180713C00040500,USD,1531440000,1.94921900390625,False,0.47000000000000003,1530289377,32,-6.0,40.5,call,15,4,2018-07-12 17:00:00
34,0.6000000000000001,0.25,-0.13999999,REGULAR,IQ180713C00041000,USD,1531440000,1.9414065429687501,False,0.45,1530284392,44,-23.728811,41.0,call,1,4,2018-07-12 17:00:00
35,0.6000000000000001,0.2,0.0,REGULAR,IQ180713C00041500,USD,1531440000,1.9609376953125,False,0.5,1530197895,23,0.0,41.5,call,2,4,2018-07-12 17:00:00
36,0.2,0.0,0.0,REGULAR,IQ180713C00042000,USD,1531440000,1.484377578125,False,0.15,1530797401,34,0.0,42.0,call,1,4,2018-07-12 17:00:00
37,0.55,0.4,-0.18,REGULAR,IQ180713C00042500,USD,1531440000,2.156254609375,False,0.45,1530124549,31,-28.57143,42.5,call,3,4,2018-07-12 17:00:00
38,0.1,0.0,0.0,REGULAR,IQ180713C00043000,USD,1531440000,1.390628046874999,False,0.2,1530631477,42,0.0,43.0,call,12,4,2018-07-12 17:00:00
39,0.1,0.0,0.0,REGULAR,IQ180713C00043500,USD,1531440000,1.4296903515625,False,0.1,1530635717,69,0.0,43.5,call,52,4,2018-07-12 17:00:00
40,0.1,0.0,0.0,REGULAR,IQ180713C00044000,USD,1531440000,1.46875265625,False,0.15,1530627801,36,0.0,44.0,call,7,4,2018-07-12 17:00:00
41,0.45,0.25,0.0,REGULAR,IQ180713C00044500,USD,1531440000,2.1718795703125,False,0.7000000000000001,1530022672,12,0.0,44.5,call,10,4,2018-07-12 17:00:00
42,0.1,0.0,0.0,REGULAR,IQ180713C00045000,USD,1531440000,1.531252343749999,False,0.05,1530883811,377,0.0,45.0,call,6,4,2018-07-12 17:00:00
43,0.35000000000000003,0.2,0.19999999000000002,REGULAR,IQ180713C00045500,USD,1531440000,2.136723408203124,False,0.8,1530107055,5,33.333332,45.5,call,1,4,2018-07-12 17:00:00
44,0.1,0.0,0.0,REGULAR,IQ180713C00046000,USD,1531440000,1.601564492187499,False,0.1,1530541523,8,0.0,46.0,call,1,4,2018-07-12 17:00:00
45,0.1,0.0,0.0,REGULAR,IQ180713C00046500,USD,1531440000,1.632814335937499,False,0.05,1530555701,8,0.0,46.5,call,1,4,2018-07-12 17:00:00
46,1.0,0.75,0.0,REGULAR,IQ180713C00047000,USD,1531440000,3.033205541992187,False,2.11,1529726003,1,0.0,47.0,call,1,4,2018-07-12 17:00:00
47,0.30000000000000004,0.15,0.0,REGULAR,IQ180713C00047500,USD,1531440000,2.203129492187499,False,0.35000000000000003,1529940536,1,0.0,47.5,call,1,4,2018-07-12 17:00:00
48,0.1,0.0,-0.49,REGULAR,IQ180713C00048000,USD,1531440000,1.734376328125,False,0.01,1530904077,50,-98.0,48.0,call,9,4,2018-07-12 17:00:00
49,0.25,0.1,0.0,REGULAR,IQ180713C00049500,USD,1531440000,2.238285654296874,False,0.15,1529942977,4,0.0,49.5,call,4,4,2018-07-12 17:00:00
50,0.1,0.0,-0.10000001,REGULAR,IQ180713C00050000,USD,1531440000,1.8515632421875,False,0.05,1530884423,3,-66.66667,50.0,call,1,4,2018-07-12 17:00:00
51,0.65,0.45,0.0,REGULAR,IQ180713C00050500,USD,1531440000,2.9492213769531253,False,0.9,1529726003,8,0.0,50.5,call,1,4,2018-07-12 17:00:00
52,0.65,0.4,0.0,REGULAR,IQ180713C00051000,USD,1531440000,2.953127617187499,False,0.77,1529726003,0,0.0,51.0,call,6,4,2018-07-12 17:00:00
53,0.1,0.05,-0.059999995,REGULAR,IQ180713C00055000,USD,1531440000,2.257816855468749,False,0.07,1530124221,61,-46.153843,55.0,call,26,4,2018-07-12 17:00:00
54,0.2,0.0,0.0,REGULAR,IQ180713P00020000,USD,1531440000,1.8281258593749992,False,0.1,1530935198,9,0.0,20.0,put,8,4,2018-07-12 17:00:00
55,0.2,0.0,0.0,REGULAR,IQ180713P00020500,USD,1531440000,1.734376328125,False,0.05,1530935198,0,0.0,20.5,put,5,4,2018-07-12 17:00:00
56,0.2,0.0,0.0,REGULAR,IQ180713P00021500,USD,1531440000,1.5468772656249992,False,0.17,1530129390,1,0.0,21.5,put,1,4,2018-07-12 17:00:00
57,0.2,0.0,0.0,REGULAR,IQ180713P00022000,USD,1531440000,1.460940195312499,False,0.1,1530331079,102,0.0,22.0,put,1,4,2018-07-12 17:00:00
58,0.05,0.0,0.0,REGULAR,IQ180713P00022500,USD,1531440000,1.078129609375,False,0.04,1530801521,6,0.0,22.5,put,1,4,2018-07-12 17:00:00
59,0.25,0.0,0.0,REGULAR,IQ180713P00023000,USD,1531440000,1.343753281249999,False,0.1,1530538852,20,0.0,23.0,put,20,4,2018-07-12 17:00:00
60,0.25,0.1,0.0,REGULAR,IQ180713P00023500,USD,1531440000,1.359378203125,False,0.4,1530331079,1,0.0,23.5,put,1,4,2018-07-12 17:00:00
61,0.15,0.05,0.02,REGULAR,IQ180713P00024000,USD,1531440000,1.109379453125,False,0.07,1530905406,100,39.999996,24.0,put,10,4,2018-07-12 17:00:00
62,0.1,0.05,0.03999999,REGULAR,IQ180713P00025000,USD,1531440000,0.882813671874999,False,0.13,1530905100,836,44.44443,25.0,put,29,4,2018-07-12 17:00:00
63,0.15,0.05,-0.15,REGULAR,IQ180713P00025500,USD,1531440000,0.85937640625,False,0.14,1530935199,29,-60.000004,25.5,put,287,4,2018-07-12 17:00:00
64,0.2,0.05,0.0,REGULAR,IQ180713P00026000,USD,1531440000,0.82226740234375,False,0.2,1530897111,111,0.0,26.0,put,13,4,2018-07-12 17:00:00
65,0.35000000000000003,0.1,0.0,REGULAR,IQ180713P00026500,USD,1531440000,0.8750012500000001,False,0.25,1530935199,7,0.0,26.5,put,26,4,2018-07-12 17:00:00
66,0.4,0.2,0.0,REGULAR,IQ180713P00027000,USD,1531440000,0.8632826171875,False,0.30000000000000004,1530907095,63,0.0,27.0,put,200,4,2018-07-12 17:00:00
67,0.4,0.35000000000000003,0.0,REGULAR,IQ180713P00027500,USD,1531440000,0.833986035156249,False,0.4,1530906792,40,0.0,27.5,put,77,4,2018-07-12 17:00:00
68,0.6000000000000001,0.45,0.06999999,REGULAR,IQ180713P00028000,USD,1531440000,0.8505874316406251,False,0.56,1530906995,433,14.285712,28.0,put,255,4,2018-07-12 17:00:00
69,0.85,0.55,0.16000003000000002,REGULAR,IQ180713P00028500,USD,1531440000,0.8623060644531251,False,0.75,1530906160,72,27.11865,28.5,put,149,4,2018-07-12 17:00:00
70,1.1,0.85,0.19999999000000002,REGULAR,IQ180713P00029000,USD,1531440000,0.9208992285156251,False,0.9,1530906927,366,28.571426,29.0,put,449,4,2018-07-12 17:00:00
71,1.15,0.9500000000000001,-0.45,REGULAR,IQ180713P00029500,USD,1531440000,0.82226740234375,False,1.05,1530935199,157,-45.0,29.5,put,225,4,2018-07-12 17:00:00
72,1.35,1.2,0.2800001,REGULAR,IQ180713P00030000,USD,1531440000,0.80664255859375,True,1.33,1530907194,575,26.666677,30.0,put,709,4,2018-07-12 17:00:00
73,1.75,1.35,0.40999997,REGULAR,IQ180713P00030500,USD,1531440000,0.8017597949218741,True,1.6099999999999999,1530906669,130,34.166664,30.5,put,145,4,2018-07-12 17:00:00
74,2.25,1.6,0.5,REGULAR,IQ180713P00031000,USD,1531440000,0.8447281152343741,True,2.0,1530906344,291,33.333336,31.0,put,309,4,2018-07-12 17:00:00
75,2.5,1.9500000000000002,0.63999987,REGULAR,IQ180713P00031500,USD,1531440000,0.817384638671874,True,2.35,1530897486,26,37.42689,31.5,put,8,4,2018-07-12 17:00:00
76,2.95,2.15,0.6700001,REGULAR,IQ180713P00032000,USD,1531440000,0.7851583984375,True,2.77,1530904361,285,31.904766,32.0,put,23,4,2018-07-12 17:00:00
77,3.3,2.85,1.2,REGULAR,IQ180713P00032500,USD,1531440000,0.896485410156249,True,3.3,1530904889,71,57.14286,32.5,put,20,4,2018-07-12 17:00:00
78,3.7,3.1,0.75,REGULAR,IQ180713P00033000,USD,1531440000,0.8281267187499991,True,3.49,1530907057,305,27.372261,33.0,put,83,4,2018-07-12 17:00:00
79,4.7,3.2,0.0,REGULAR,IQ180713P00033500,USD,1531440000,0.953125468749999,True,2.85,1530935199,28,0.0,33.5,put,6,4,2018-07-12 17:00:00
80,5.4,3.7,0.98,REGULAR,IQ180713P00034000,USD,1531440000,1.123051259765625,True,4.38,1530905777,331,28.823528,34.0,put,100,4,2018-07-12 17:00:00
81,5.8,3.8,0.0,REGULAR,IQ180713P00034500,USD,1531440000,0.9335944140625,True,3.9,1530935200,0,0.0,34.5,put,2,4,2018-07-12 17:00:00
82,5.8,4.7,2.4400003,REGULAR,IQ180713P00035000,USD,1531440000,0.929688203125,True,5.28,1530899812,266,85.915504,35.0,put,6,4,2018-07-12 17:00:00
83,6.5,5.1,1.0999999,REGULAR,IQ180713P00035500,USD,1531440000,1.060551572265625,True,5.6,1530890509,20,24.444443,35.5,put,1,4,2018-07-12 17:00:00
84,7.2,5.6,0.0,REGULAR,IQ180713P00036000,USD,1531440000,1.246097519531249,True,5.3,1530806104,14,0.0,36.0,put,2,4,2018-07-12 17:00:00
85,7.9,6.0,0.88999987,REGULAR,IQ180713P00036500,USD,1531440000,1.3671906640625,True,6.0,1530885052,3,17.416828,36.5,put,10,4,2018-07-12 17:00:00
86,8.5,6.5,2.75,REGULAR,IQ180713P00037000,USD,1531440000,1.484377578125,True,7.65,1530883922,5,56.122444,37.0,put,2,4,2018-07-12 17:00:00
87,6.3,5.8,0.0,REGULAR,IQ180713P00037500,USD,1531440000,1e-05,True,4.5,1530021456,14,0.0,37.5,put,1,4,2018-07-12 17:00:00
88,9.4,7.4,2.5499997,REGULAR,IQ180713P00038000,USD,1531440000,1.484377578125,True,8.65,1530883922,46,41.803272,38.0,put,1,4,2018-07-12 17:00:00
89,9.5,7.6,0.0,REGULAR,IQ180713P00038500,USD,1531440000,2.160160849609375,True,5.0,1530628839,10,0.0,38.5,put,3,4,2018-07-12 17:00:00
90,7.3,7.0,0.0,REGULAR,IQ180713P00039000,USD,1531440000,1e-05,True,5.5,1530022823,4,0.0,39.0,put,1,4,2018-07-12 17:00:00
91,7.7,7.4,-1.79,REGULAR,IQ180713P00039500,USD,1531440000,1e-05,True,5.8,1530115012,2,-23.583660000000002,39.5,put,2,4,2018-07-12 17:00:00
92,11.6,9.3,0.0,REGULAR,IQ180713P00040000,USD,1531440000,1.767579287109375,True,9.1,1530540727,11,0.0,40.0,put,1,4,2018-07-12 17:00:00
93,10.2,9.6,0.0,REGULAR,IQ180713P00042000,USD,1531440000,1e-05,True,7.8,1530020994,0,0.0,42.0,put,1,4,2018-07-12 17:00:00
94,11.2,10.0,0.0,REGULAR,IQ180713P00042500,USD,1531440000,1e-05,True,10.3,1530331081,0,0.0,42.5,put,10,4,2018-07-12 17:00:00
95,8.4,7.9,0.0,REGULAR,IQ180713P00043000,USD,1531440000,1e-05,True,6.0,1529726020,1,0.0,43.0,put,1,4,2018-07-12 17:00:00
96,15.2,13.3,0.0,REGULAR,IQ180713P00044000,USD,1531440000,1.812500937499999,True,13.9,1530935201,0,0.0,44.0,put,1,4,2018-07-12 17:00:00
97,19.9,17.6,0.0,REGULAR,IQ180713P00048500,USD,1531440000,2.156254609375,True,16.3,1530556626,1,0.0,48.5,put,1,4,2018-07-12 17:00:00
98,30.9,27.4,0.0,REGULAR,IQ180720C00007500,USD,1532044800,20.429691115722658,True,36.0,1529505526,1,0.0,7.5,call,1,11,2018-07-19 17:00:00
99,20.7,18.8,0.0,REGULAR,IQ180720C00010000,USD,1532044800,4.757816552734374,True,23.0,1530797471,3,0.0,10.0,call,1,11,2018-07-19 17:00:00
100,24.2,23.0,0.0,REGULAR,IQ180720C00012500,USD,1532044800,10.011722492675784,True,31.8,1529429223,27,0.0,12.5,call,8,11,2018-07-19 17:00:00
101,16.1,13.3,0.0,REGULAR,IQ180720C00015000,USD,1532044800,3.666016459960937,True,18.2,1530797400,41,0.0,15.0,call,1,11,2018-07-19 17:00:00
102,16.2,14.1,0.0,REGULAR,IQ180720C00017500,USD,1532044800,4.31836397705078,True,14.9,1530212233,72,0.0,17.5,call,20,11,2018-07-19 17:00:00
103,10.8,9.1,0.0,REGULAR,IQ180720C00020000,USD,1532044800,1.015629921875,True,11.22,1530820779,218,0.0,20.0,call,11,11,2018-07-19 17:00:00
104,8.1,7.2,0.0,REGULAR,IQ180720C00022500,USD,1532044800,1.126957490234375,True,8.78,1530804049,1954,0.0,22.5,call,137,11,2018-07-19 17:00:00
105,5.7,4.8,-1.5499996999999999,REGULAR,IQ180720C00025000,USD,1532044800,0.886719882812499,True,5.15,1530906304,1702,-23.134325,25.0,call,269,11,2018-07-19 17:00:00
106,1.9500000000000002,1.85,-0.92999995,REGULAR,IQ180720C00030000,USD,1532044800,0.8608412353515621,False,1.87,1530907188,5686,-33.214283,30.0,call,2163,11,2018-07-19 17:00:00
107,0.55,0.5,-0.40999997,REGULAR,IQ180720C00035000,USD,1532044800,0.8984385156249991,False,0.54,1530907188,7755,-43.15789,35.0,call,3401,11,2018-07-19 17:00:00
108,0.35000000000000003,0.25,-0.31,REGULAR,IQ180720C00037000,USD,1532044800,0.913086806640625,False,0.30000000000000004,1530906557,1212,-50.81967,37.0,call,185,11,2018-07-19 17:00:00
109,0.35000000000000003,0.25,-0.27,REGULAR,IQ180720C00037500,USD,1532044800,0.953125468749999,False,0.28,1530906892,638,-49.09091,37.5,call,199,11,2018-07-19 17:00:00
110,0.30000000000000004,0.2,-0.25,REGULAR,IQ180720C00038000,USD,1532044800,0.945313046875,False,0.25,1530905182,454,-50.0,38.0,call,73,11,2018-07-19 17:00:00
111,0.30000000000000004,0.1,-0.19999999000000002,REGULAR,IQ180720C00038500,USD,1532044800,0.929688203125,False,0.25,1530893906,115,-44.444443,38.5,call,7,11,2018-07-19 17:00:00
112,0.25,0.15,-0.21999998,REGULAR,IQ180720C00039000,USD,1532044800,0.9648441015625,False,0.2,1530895531,565,-52.38095,39.0,call,67,11,2018-07-19 17:00:00
113,0.25,0.15,-0.72,REGULAR,IQ180720C00039500,USD,1532044800,0.99804689453125,False,0.2,1530899486,66,-78.26087,39.5,call,4,11,2018-07-19 17:00:00
114,0.2,0.15,-0.14999999,REGULAR,IQ180720C00040000,USD,1532044800,1.000005,False,0.2,1530907028,11379,-42.85714,40.0,call,929,11,2018-07-19 17:00:00
115,0.25,0.05,0.0,REGULAR,IQ180720C00040500,USD,1532044800,0.99804689453125,False,0.30000000000000004,1530812190,124,0.0,40.5,call,29,11,2018-07-19 17:00:00
116,0.2,0.1,-0.17999999,REGULAR,IQ180720C00041000,USD,1532044800,1.029301728515625,False,0.11,1530891953,371,-62.068962,41.0,call,7,11,2018-07-19 17:00:00
117,0.2,0.0,0.0,REGULAR,IQ180720C00041500,USD,1532044800,0.9804689453125001,False,0.25,1530801172,74,0.0,41.5,call,10,11,2018-07-19 17:00:00
118,0.2,0.0,-0.050000004,REGULAR,IQ180720C00042000,USD,1532044800,1.0078174609375,False,0.1,1530899381,555,-33.333336,42.0,call,205,11,2018-07-19 17:00:00
119,0.15,0.0,0.0,REGULAR,IQ180720C00042500,USD,1532044800,0.9843751562499999,False,0.2,1530802754,113,0.0,42.5,call,3,11,2018-07-19 17:00:00
120,0.15,0.0,0.0,REGULAR,IQ180720C00043000,USD,1532044800,1.01172369140625,False,0.18,1530806048,183,0.0,43.0,call,7,11,2018-07-19 17:00:00
121,0.1,0.05,-0.20000002,REGULAR,IQ180720C00043500,USD,1532044800,1.03516107421875,False,0.1,1530906497,129,-66.66667,43.5,call,59,11,2018-07-19 17:00:00
122,0.15,0.05,-0.08,REGULAR,IQ180720C00044000,USD,1532044800,1.11328568359375,False,0.06,1530903700,86,-57.142853,44.0,call,1,11,2018-07-19 17:00:00
123,0.1,0.0,0.0,REGULAR,IQ180720C00044500,USD,1532044800,1.01953615234375,False,0.14,1530802706,29,0.0,44.5,call,1,11,2018-07-19 17:00:00
124,0.1,0.05,-0.040000003,REGULAR,IQ180720C00045000,USD,1532044800,1.109379453125,False,0.06,1530907118,11703,-40.000004,45.0,call,2110,11,2018-07-19 17:00:00
125,0.6000000000000001,0.4,-0.19999999000000002,REGULAR,IQ180720C00045500,USD,1532044800,1.676759428710937,False,0.5,1530124826,7,-28.571426,45.5,call,4,11,2018-07-19 17:00:00
126,0.05,0.0,-0.050000004,REGULAR,IQ180720C00046000,USD,1532044800,0.9843751562499999,False,0.1,1530892829,106,-33.333336,46.0,call,1,11,2018-07-19 17:00:00
127,0.1,0.0,0.0,REGULAR,IQ180720C00046500,USD,1532044800,1.109379453125,False,0.29,1530628527,7,0.0,46.5,call,1,11,2018-07-19 17:00:00
128,0.1,0.0,0.0,REGULAR,IQ180720C00047000,USD,1532044800,1.1328168359375,False,0.07,1530810976,14,0.0,47.0,call,2,11,2018-07-19 17:00:00
129,0.5,0.35000000000000003,0.0,REGULAR,IQ180720C00047500,USD,1532044800,1.72265763671875,False,0.66,1530036963,22,0.0,47.5,call,5,11,2018-07-19 17:00:00
130,0.15,0.0,0.0,REGULAR,IQ180720C00048000,USD,1532044800,1.250003749999999,False,0.11,1530627251,26,0.0,48.0,call,1,11,2018-07-19 17:00:00
131,1.2,0.9,0.0,REGULAR,IQ180720C00048500,USD,1532044800,2.273441816406249,False,1.17,1529726006,1,0.0,48.5,call,1,11,2018-07-19 17:00:00
132,0.1,0.0,0.0,REGULAR,IQ180720C00049000,USD,1532044800,1.21875390625,False,0.14,1530541370,106,0.0,49.0,call,1,11,2018-07-19 17:00:00
133,0.15,0.0,0.0,REGULAR,IQ180720C00049500,USD,1532044800,1.316409667968749,False,0.1,1530799349,230,0.0,49.5,call,27,11,2018-07-19 17:00:00
134,0.05,0.0,-0.030000001000000002,REGULAR,IQ180720C00050000,USD,1532044800,1.1484417578125,False,0.02,1530907083,14876,-60.000004,50.0,call,143,11,2018-07-19 17:00:00
135,0.15,0.0,0.0,REGULAR,IQ180720C00050500,USD,1532044800,1.359378203125,False,0.1,1530555350,3,0.0,50.5,call,2,11,2018-07-19 17:00:00
136,0.1,0.0,0.0,REGULAR,IQ180720C00051000,USD,1532044800,1.2968785156249991,False,0.1,1530629853,33,0.0,51.0,call,16,11,2018-07-19 17:00:00
137,0.05,0.0,-0.01,REGULAR,IQ180720C00055000,USD,1532044800,1.328128359374999,False,0.02,1530895681,3691,-33.333336,55.0,call,130,11,2018-07-19 17:00:00
138,0.05,0.0,-0.01,REGULAR,IQ180720C00060000,USD,1532044800,1.484377578125,False,0.02,1530895622,9078,-33.333336,60.0,call,7,11,2018-07-19 17:00:00
139,0.05,0.0,-0.01,REGULAR,IQ180720C00065000,USD,1532044800,1.6250018750000002,False,0.01,1530895104,1834,-50.0,65.0,call,20,11,2018-07-19 17:00:00
140,0.05,0.0,-0.020000001,REGULAR,IQ180720P00007500,USD,1532044800,3.093752265624999,False,0.03,1530885078,16,-40.000004,7.5,put,15,11,2018-07-19 17:00:00
141,0.05,0.0,0.0,REGULAR,IQ180720P00012500,USD,1532044800,1.9921875390625,False,0.05,1529590244,26,0.0,12.5,put,2,11,2018-07-19 17:00:00
142,0.05,0.0,0.0,REGULAR,IQ180720P00015000,USD,1532044800,1.609376953125,False,0.03,1530801872,110,0.0,15.0,put,1,11,2018-07-19 17:00:00
143,0.05,0.0,-0.010000002000000001,REGULAR,IQ180720P00017500,USD,1532044800,1.281253593749999,False,0.04,1530896860,656,-20.000004,17.5,put,3,11,2018-07-19 17:00:00
144,0.1,0.0,0.02,REGULAR,IQ180720P00020000,USD,1532044800,1.1015669921875,False,0.07,1530906378,3760,39.999996,20.0,put,201,11,2018-07-19 17:00:00
145,0.15,0.1,-0.050000004,REGULAR,IQ180720P00022500,USD,1532044800,0.9765627343750001,False,0.1,1530906091,4219,-33.333336,22.5,put,123,11,2018-07-19 17:00:00
146,0.4,0.35000000000000003,-0.050000012,REGULAR,IQ180720P00025000,USD,1532044800,0.9248054394531251,False,0.35000000000000003,1530907181,12885,-12.500003,25.0,put,3068,11,2018-07-19 17:00:00
147,2.0,1.85,0.30000007,REGULAR,IQ180720P00030000,USD,1532044800,0.836427416992187,True,1.9500000000000002,1530907196,18259,18.181824,30.0,put,2974,11,2018-07-19 17:00:00
148,5.7,5.6,0.7999997,REGULAR,IQ180720P00035000,USD,1532044800,0.926758544921874,True,5.6,1530907057,12307,16.66666,35.0,put,1137,11,2018-07-19 17:00:00
149,7.9,6.9,3.31,REGULAR,IQ180720P00037000,USD,1532044800,0.929688203125,True,7.9,1530884199,209,72.11329,37.0,put,1,11,2018-07-19 17:00:00
150,6.7,6.2,0.0,REGULAR,IQ180720P00037500,USD,1532044800,1e-05,True,6.25,1530199552,38,0.0,37.5,put,10,11,2018-07-19 17:00:00
151,9.1,7.6,0.0,REGULAR,IQ180720P00038000,USD,1532044800,0.9638675488281251,True,7.28,1530812793,167,0.0,38.0,put,23,11,2018-07-19 17:00:00
152,7.5,7.1,0.0,REGULAR,IQ180720P00038500,USD,1532044800,1e-05,True,7.45,1530126175,13,0.0,38.5,put,1,11,2018-07-19 17:00:00
153,10.0,8.3,0.0,REGULAR,IQ180720P00039000,USD,1532044800,0.7773459765625,True,6.68,1530636686,209,0.0,39.0,put,10,11,2018-07-19 17:00:00
154,8.3,7.9,0.0,REGULAR,IQ180720P00039500,USD,1532044800,1e-05,True,8.0,1530197895,132,0.0,39.5,put,20,11,2018-07-19 17:00:00
155,10.5,9.5,1.3999996,REGULAR,IQ180720P00040000,USD,1532044800,1.2441444042968741,True,10.4,1530906056,9023,15.555552,40.0,put,149,11,2018-07-19 17:00:00
156,11.5,10.0,2.87,REGULAR,IQ180720P00040500,USD,1532044800,1.02734861328125,True,10.9,1530905363,49,35.74097,40.5,put,30,11,2018-07-19 17:00:00
157,9.7,9.2,0.8499998999999999,REGULAR,IQ180720P00041000,USD,1532044800,1e-05,True,8.75,1530280009,2,10.759492,41.0,put,4,11,2018-07-19 17:00:00
158,8.3,7.7,0.0,REGULAR,IQ180720P00042000,USD,1532044800,1e-05,True,8.0,1529726022,0,0.0,42.0,put,5,11,2018-07-19 17:00:00
159,9.0,8.4,0.0,REGULAR,IQ180720P00043000,USD,1532044800,1e-05,True,5.2,1529726022,1,0.0,43.0,put,2,11,2018-07-19 17:00:00
160,14.6,12.9,0.0,REGULAR,IQ180720P00043500,USD,1532044800,1.205082099609375,True,11.0,1530624967,50,0.0,43.5,put,20,11,2018-07-19 17:00:00
161,15.3,13.1,0.0,REGULAR,IQ180720P00044000,USD,1532044800,1.15234798828125,True,13.6,1530801507,1,0.0,44.0,put,1,11,2018-07-19 17:00:00
162,15.7,13.6,0.0,REGULAR,IQ180720P00044500,USD,1532044800,1.07422337890625,True,13.0,1530935203,2,0.0,44.5,put,2,11,2018-07-19 17:00:00
163,16.3,14.8,1.5,REGULAR,IQ180720P00045000,USD,1532044800,1.619142529296875,True,15.5,1530907021,3093,10.714286,45.0,put,7,11,2018-07-19 17:00:00
164,11.4,10.9,0.0,REGULAR,IQ180720P00046000,USD,1532044800,1e-05,True,9.7,1529726023,25,0.0,46.0,put,25,11,2018-07-19 17:00:00
165,19.0,16.6,0.0,REGULAR,IQ180720P00047500,USD,1532044800,1.488283808593749,True,15.7,1530551140,3,0.0,47.5,put,2,11,2018-07-19 17:00:00
166,21.4,19.3,2.7000007999999998,REGULAR,IQ180720P00050000,USD,1532044800,1.6796891015625,True,19.7,1530889328,791,15.882358,50.0,put,3,11,2018-07-19 17:00:00
167,22.3,19.7,0.0,REGULAR,IQ180720P00050500,USD,1532044800,1.876953740234375,True,18.8,1530935204,2,0.0,50.5,put,2,11,2018-07-19 17:00:00
168,22.5,20.2,0.0,REGULAR,IQ180720P00051000,USD,1532044800,1.728516982421875,True,19.0,1530935204,2,0.0,51.0,put,2,11,2018-07-19 17:00:00
169,26.4,24.2,3.7000007999999998,REGULAR,IQ180720P00055000,USD,1532044800,1.835938320312499,True,25.0,1530886908,164,17.370895,55.0,put,1,11,2018-07-19 17:00:00
170,31.3,29.2,0.0,REGULAR,IQ180720P00060000,USD,1532044800,1.9414065429687501,True,26.8,1530636281,39,0.0,60.0,put,1,11,2018-07-19 17:00:00
171,32.7,32.2,-1.3999996,REGULAR,IQ180720P00065000,USD,1532044800,1e-05,True,28.0,1530106429,30,-4.7619033,65.0,put,12,11,2018-07-19 17:00:00
172,14.5,11.8,0.0,REGULAR,IQ180727C00020000,USD,1532649600,3.165041149902343,True,11.3,1530128333,1,0.0,20.0,call,1,18,2018-07-26 17:00:00
173,7.9,3.9,0.0,REGULAR,IQ180727C00025000,USD,1532649600,1.086918627929687,True,8.3,1530624976,9,0.0,25.0,call,3,18,2018-07-26 17:00:00
174,5.7,4.3,0.0,REGULAR,IQ180727C00026000,USD,1532649600,0.992187578125,True,6.3,1530935181,3,0.0,26.0,call,3,18,2018-07-26 17:00:00
175,5.2,4.2,0.0,REGULAR,IQ180727C00026500,USD,1532649600,1.0078174609375,True,7.1,1530935181,4,0.0,26.5,call,4,18,2018-07-26 17:00:00
176,5.4,3.3,0.0,REGULAR,IQ180727C00027000,USD,1532649600,0.9951172363281251,True,5.3,1530935181,1,0.0,27.0,call,1,18,2018-07-26 17:00:00
177,5.2,3.0,0.0,REGULAR,IQ180727C00027500,USD,1532649600,1.017583037109375,True,4.04,1530935181,48,0.0,27.5,call,3,18,2018-07-26 17:00:00
178,4.4,3.0,0.8000001999999999,REGULAR,IQ180727C00028000,USD,1532649600,0.97460962890625,True,3.85,1530935181,13,14.285718,28.0,call,31,18,2018-07-26 17:00:00
179,4.3,2.4,0.0,REGULAR,IQ180727C00028500,USD,1532649600,0.94726615234375,True,3.4,1530935181,1,0.0,28.5,call,6,18,2018-07-26 17:00:00
180,4.3,2.25,0.0,REGULAR,IQ180727C00029000,USD,1532649600,1.016606479492187,True,3.3,1530935181,13,0.0,29.0,call,26,18,2018-07-26 17:00:00
181,3.0,2.65,-0.79999995,REGULAR,IQ180727C00030000,USD,1532649600,1.026372055664062,False,2.8,1530906094,161,-22.222221,30.0,call,168,18,2018-07-26 17:00:00
182,2.55,2.3,-0.79999995,REGULAR,IQ180727C00031000,USD,1532649600,1.034184516601562,False,2.4,1530905881,17,-24.999998,31.0,call,91,18,2018-07-26 17:00:00
183,2.4,1.3,0.76,REGULAR,IQ180727C00031500,USD,1532649600,0.895508857421874,False,2.15,1530935181,18,20.87912,31.5,call,7,18,2018-07-26 17:00:00
184,2.2,1.9500000000000002,-0.77,REGULAR,IQ180727C00032000,USD,1532649600,1.041020419921875,False,2.0,1530905514,141,-27.797832,32.0,call,51,18,2018-07-26 17:00:00
185,2.05,1.65,-0.59000003,REGULAR,IQ180727C00032500,USD,1532649600,1.01953615234375,False,1.8399999999999999,1530905566,29,-24.279837,32.5,call,16,18,2018-07-26 17:00:00
186,1.8,1.4,-0.7500001,REGULAR,IQ180727C00033000,USD,1532649600,0.9838868798828121,False,1.65,1530906689,24,-31.250004,33.0,call,23,18,2018-07-26 17:00:00
187,1.75,1.35,-0.29999995,REGULAR,IQ180727C00033500,USD,1532649600,1.019047873535156,False,2.0,1530884512,39,-13.043477,33.5,call,13,18,2018-07-26 17:00:00
188,1.65,1.2,-0.5399999600000001,REGULAR,IQ180727C00034000,USD,1532649600,1.022465825195312,False,1.45,1530907057,31,-27.135675,34.0,call,89,18,2018-07-26 17:00:00
189,1.2,1.0,-0.56000006,REGULAR,IQ180727C00035000,USD,1532649600,0.9853517089843751,False,1.18,1530907128,713,-32.183914,35.0,call,323,18,2018-07-26 17:00:00
190,1.3,0.9,-0.6000000000000001,REGULAR,IQ180727C00035500,USD,1532649600,1.029301728515625,False,1.1,1530905514,142,-35.294117,35.5,call,22,18,2018-07-26 17:00:00
191,1.2,0.9,-0.55,REGULAR,IQ180727C00036000,USD,1532649600,1.05078599609375,False,0.9400000000000001,1530907008,445,-36.91275,36.0,call,57,18,2018-07-26 17:00:00
192,1.1,0.75,-0.40000004,REGULAR,IQ180727C00036500,USD,1532649600,1.03516107421875,False,0.9500000000000001,1530906994,48,-29.629633,36.5,call,36,18,2018-07-26 17:00:00
193,1.05,0.65,-0.40000004,REGULAR,IQ180727C00037000,USD,1532649600,1.0390673046875,False,0.8,1530901997,54,-33.333336,37.0,call,25,18,2018-07-26 17:00:00
194,1.0,0.6000000000000001,-0.45000005,REGULAR,IQ180727C00037500,USD,1532649600,1.052739111328125,False,0.75,1530907010,79,-37.500004,37.5,call,4,18,2018-07-26 17:00:00
195,0.75,0.7000000000000001,-0.38,REGULAR,IQ180727C00038000,USD,1532649600,1.05078599609375,False,0.72,1530899233,88,-34.545456,38.0,call,7,18,2018-07-26 17:00:00
196,0.9500000000000001,0.30000000000000004,0.0,REGULAR,IQ180727C00038500,USD,1532649600,1.032231401367187,False,1.35,1530557420,31,0.0,38.5,call,20,18,2018-07-26 17:00:00
197,0.65,0.4,-1.18,REGULAR,IQ180727C00039000,USD,1532649600,1.0078174609375,False,0.61,1530897456,78,-65.92178,39.0,call,2,18,2018-07-26 17:00:00
198,0.85,0.35000000000000003,0.0,REGULAR,IQ180727C00039500,USD,1532649600,1.083012397460937,False,1.7000000000000002,1530628764,23,0.0,39.5,call,1,18,2018-07-26 17:00:00
199,0.7000000000000001,0.35000000000000003,-0.35000002,REGULAR,IQ180727C00040000,USD,1532649600,1.0703171484375,False,0.45,1530904447,302,-43.750004,40.0,call,70,18,2018-07-26 17:00:00
200,0.7000000000000001,0.30000000000000004,0.0,REGULAR,IQ180727C00040500,USD,1532649600,1.083988955078125,False,1.4,1530629038,78,0.0,40.5,call,2,18,2018-07-26 17:00:00
201,0.65,0.25,-0.22,REGULAR,IQ180727C00041000,USD,1532649600,1.080082724609375,False,0.48,1530895629,22,-31.428572,41.0,call,15,18,2018-07-26 17:00:00
202,0.6000000000000001,0.25,-0.26,REGULAR,IQ180727C00041500,USD,1532649600,1.091801416015625,False,0.44,1530906874,18,-37.142857,41.5,call,5,18,2018-07-26 17:00:00
203,0.55,0.2,0.0,REGULAR,IQ180727C00042000,USD,1532649600,1.083012397460937,False,0.54,1530815938,45,0.0,42.0,call,4,18,2018-07-26 17:00:00
204,0.55,0.2,0.050000012,REGULAR,IQ180727C00042500,USD,1532649600,1.109379453125,False,0.75,1530893590,36,7.142859,42.5,call,5,18,2018-07-26 17:00:00
205,0.55,0.15,-0.39999998000000003,REGULAR,IQ180727C00043000,USD,1532649600,1.115238798828125,False,0.30000000000000004,1530896474,64,-57.142853,43.0,call,14,18,2018-07-26 17:00:00
206,0.5,0.05,0.0,REGULAR,IQ180727C00043500,USD,1532649600,1.078129609375,False,0.7000000000000001,1530546332,10,0.0,43.5,call,5,18,2018-07-26 17:00:00
207,0.5,0.0,-0.45,REGULAR,IQ180727C00044000,USD,1532649600,1.078129609375,False,0.45,1530888068,2,-50.0,44.0,call,1,18,2018-07-26 17:00:00
208,0.5,0.1,0.0,REGULAR,IQ180727C00044500,USD,1532649600,1.147465200195312,False,0.5,1530935183,1,0.0,44.5,call,1,18,2018-07-26 17:00:00
209,0.45,0.0,-0.049999982000000005,REGULAR,IQ180727C00045000,USD,1532649600,1.099613876953125,False,0.30000000000000004,1530899548,115,-14.285709,45.0,call,7,18,2018-07-26 17:00:00
210,0.4,0.0,0.0,REGULAR,IQ180727C00046000,USD,1532649600,1.115238798828125,False,0.25,1530935183,0,0.0,46.0,call,14,18,2018-07-26 17:00:00
211,1.9,1.4,0.0,REGULAR,IQ180727C00047500,USD,1532649600,2.0791063647460932,False,3.61,1529726008,1,0.0,47.5,call,1,18,2018-07-26 17:00:00
212,1.6,0.35000000000000003,-1.45,REGULAR,IQ180727C00048500,USD,1532649600,1.791993227539062,False,0.45,1530292986,1,-76.31579,48.5,call,2,18,2018-07-26 17:00:00
213,0.35000000000000003,0.0,0.0,REGULAR,IQ180727C00050000,USD,1532649600,1.2441444042968741,False,0.45,1530538442,48,0.0,50.0,call,1,18,2018-07-26 17:00:00
214,0.15,0.0,0.0,REGULAR,IQ180727C00060000,USD,1532649600,1.378909355468749,False,0.1,1530885227,399,0.0,60.0,call,10,18,2018-07-26 17:00:00
215,0.2,0.15,0.0,REGULAR,IQ180727P00020000,USD,1532649600,1.125004375,False,0.16,1530905628,341,0.0,20.0,put,249,18,2018-07-26 17:00:00
216,1.3,0.75,0.15999997,REGULAR,IQ180727P00025000,USD,1532649600,1.109379453125,False,0.9,1530906966,325,21.621616,25.0,put,62,18,2018-07-26 17:00:00
217,1.25,1.05,0.24000001,REGULAR,IQ180727P00026000,USD,1532649600,1.024418940429687,False,1.22,1530892981,40,24.489796,26.0,put,5,18,2018-07-26 17:00:00
218,1.8,1.35,0.21000004,REGULAR,IQ180727P00027000,USD,1532649600,1.055668784179687,False,1.45,1530907078,53,16.935488,27.0,put,53,18,2018-07-26 17:00:00
219,1.7000000000000002,1.3,0.30000007,REGULAR,IQ180727P00027500,USD,1532649600,0.945313046875,False,1.7000000000000002,1530905274,22,21.428577,27.5,put,8,18,2018-07-26 17:00:00
220,2.0,1.65,-0.35000002,REGULAR,IQ180727P00028000,USD,1532649600,0.992187578125,False,1.85,1530935205,61,-21.875002,28.0,put,127,18,2018-07-26 17:00:00
221,2.2,0.9,0.37000012,REGULAR,IQ180727P00028500,USD,1532649600,0.8032246240234371,False,2.17,1530904081,37,20.555563,28.5,put,53,18,2018-07-26 17:00:00
222,2.4,1.25,-0.05999994300000001,REGULAR,IQ180727P00029000,USD,1532649600,0.821290849609374,False,2.0,1530907147,25,-2.9126186,29.0,put,8,18,2018-07-26 17:00:00
223,3.1,2.6,0.40000009999999997,REGULAR,IQ180727P00030000,USD,1532649600,1.006840903320312,True,2.9,1530904980,897,16.000004,30.0,put,96,18,2018-07-26 17:00:00
224,3.7,3.3,0.53,REGULAR,IQ180727P00031000,USD,1532649600,1.032231401367187,True,3.5300000000000002,1530903435,36,17.666666,31.0,put,39,18,2018-07-26 17:00:00
225,4.0,3.6,0.43000007,REGULAR,IQ180727P00031500,USD,1532649600,1.028813449707031,True,3.73,1530884359,18,13.030306,31.5,put,2,18,2018-07-26 17:00:00
226,4.3,3.9,0.73,REGULAR,IQ180727P00032000,USD,1532649600,1.021000988769531,True,4.23,1530902988,105,20.857143,32.0,put,13,18,2018-07-26 17:00:00
227,5.0,4.1,0.0,REGULAR,IQ180727P00032500,USD,1532649600,1.063481245117187,True,3.61,1530547293,5,0.0,32.5,put,2,18,2018-07-26 17:00:00
228,5.0,4.6,0.0,REGULAR,IQ180727P00033000,USD,1532649600,1.028813449707031,True,2.92,1530628706,24,0.0,33.0,put,1,18,2018-07-26 17:00:00
229,5.5,4.4,0.0,REGULAR,IQ180727P00033500,USD,1532649600,0.9501958105468741,True,4.6,1530807792,4,0.0,33.5,put,1,18,2018-07-26 17:00:00
230,5.8,4.9,0.9500002999999999,REGULAR,IQ180727P00034000,USD,1532649600,0.9609378906249991,True,5.9,1530892679,12,19.191925,34.0,put,1,18,2018-07-26 17:00:00
231,6.5,5.7,1.19,REGULAR,IQ180727P00035000,USD,1532649600,0.9521489160156241,True,6.37,1530890356,203,22.972974999999998,35.0,put,3,18,2018-07-26 17:00:00
232,7.1,6.5,0.0,REGULAR,IQ180727P00035500,USD,1532649600,1.080082724609375,True,6.0,1530809357,27,0.0,35.5,put,2,18,2018-07-26 17:00:00
233,7.4,6.6,1.5,REGULAR,IQ180727P00036000,USD,1532649600,0.993164130859375,True,6.5,1530885005,17,30.000002,36.0,put,5,18,2018-07-26 17:00:00
234,7.8,6.0,0.0,REGULAR,IQ180727P00036500,USD,1532649600,0.71679970703125,True,6.93,1530803939,10,0.0,36.5,put,2,18,2018-07-26 17:00:00
235,8.2,7.6,3.7800002,REGULAR,IQ180727P00037000,USD,1532649600,1.025395498046875,True,7.88,1530897818,15,92.19513,37.0,put,5,18,2018-07-26 17:00:00
236,7.3,6.9,0.0,REGULAR,IQ180727P00037500,USD,1532649600,1e-05,True,6.9,1529937580,11,0.0,37.5,put,15,18,2018-07-26 17:00:00
237,7.6,7.2,1.4000001,REGULAR,IQ180727P00038000,USD,1532649600,1e-05,True,6.9,1530120369,29,25.454548,38.0,put,4,18,2018-07-26 17:00:00
238,8.1,7.4,0.0,REGULAR,IQ180727P00038500,USD,1532649600,1e-05,True,7.7,1529955185,1,0.0,38.5,put,1,18,2018-07-26 17:00:00
239,10.3,7.8,0.0,REGULAR,IQ180727P00039000,USD,1532649600,1.358401645507812,True,8.3,1530554196,28,0.0,39.0,put,1,18,2018-07-26 17:00:00
240,10.7,9.4,0.0,REGULAR,IQ180727P00039500,USD,1532649600,1.005864345703124,True,8.5,1530543799,3,0.0,39.5,put,2,18,2018-07-26 17:00:00
241,11.3,9.3,0.0,REGULAR,IQ180727P00040000,USD,1532649600,0.84961087890625,True,9.4,1530801034,12,0.0,40.0,put,5,18,2018-07-26 17:00:00
242,9.7,7.5,0.0,REGULAR,IQ180727P00040500,USD,1532649600,1e-05,True,9.2,1530331087,36,0.0,40.5,put,13,18,2018-07-26 17:00:00
243,10.1,9.6,4.5,REGULAR,IQ180727P00041000,USD,1532649600,1e-05,True,9.7,1530285011,3,86.53847,41.0,put,12,18,2018-07-26 17:00:00
244,11.3,10.5,0.0,REGULAR,IQ180727P00042000,USD,1532649600,1e-05,True,11.6,1530194287,1,0.0,42.0,put,1,18,2018-07-26 17:00:00
245,10.0,9.0,0.0,REGULAR,IQ180727P00043000,USD,1532649600,1e-05,True,9.74,1529726025,0,0.0,43.0,put,5,18,2018-07-26 17:00:00
246,15.9,12.0,0.0,REGULAR,IQ180727P00043500,USD,1532649600,1.15625421875,True,11.1,1530935206,5,0.0,43.5,put,5,18,2018-07-26 17:00:00
247,18.3,17.3,0.0,REGULAR,IQ180727P00049500,USD,1532649600,1e-05,True,18.1,1530331088,2,0.0,49.5,put,2,18,2018-07-26 17:00:00
248,17.2,12.9,0.0,REGULAR,IQ180727P00050000,USD,1532649600,1e-05,True,14.7,1529726026,0,0.0,50.0,put,1,18,2018-07-26 17:00:00
249,6.6,5.7,-0.3499999,REGULAR,IQ180803C00025000,USD,1533254400,1.041996977539062,True,6.55,1530885407,4,-5.072462,25.0,call,2,25,2018-08-02 17:00:00
250,7.2,3.1,0.0,REGULAR,IQ180803C00026000,USD,1533254400,0.913086806640625,True,5.1,1530935184,10,0.0,26.0,call,1,25,2018-08-02 17:00:00
251,5.2,4.6,0.0,REGULAR,IQ180803C00026500,USD,1533254400,0.941895112304687,True,5.0,1530935184,0,0.0,26.5,call,1,25,2018-08-02 17:00:00
252,5.2,3.4,0.0,REGULAR,IQ180803C00027500,USD,1533254400,0.944336494140624,True,5.3,1530935184,12,0.0,27.5,call,12,25,2018-08-02 17:00:00
253,4.5,3.9,0.0,REGULAR,IQ180803C00028000,USD,1533254400,1.004887788085937,True,4.1,1530935184,10,0.0,28.0,call,30,25,2018-08-02 17:00:00
254,5.0,1.2,-0.8699998999999999,REGULAR,IQ180803C00029000,USD,1533254400,0.8193377441406241,True,3.6,1530894097,11,-19.463085,29.0,call,27,25,2018-08-02 17:00:00
255,3.4,3.0,-0.9000001,REGULAR,IQ180803C00030000,USD,1533254400,0.999511723632812,False,3.1,1530906459,147,-22.500002,30.0,call,299,25,2018-08-02 17:00:00
256,2.95,2.55,-2.65,REGULAR,IQ180803C00031000,USD,1533254400,0.9897461962890621,False,2.75,1530901309,37,-49.074074,31.0,call,23,25,2018-08-02 17:00:00
257,2.75,2.35,1.0899999,REGULAR,IQ180803C00031500,USD,1533254400,0.9873048144531251,False,2.8,1530935184,57,27.877235,31.5,call,26,25,2018-08-02 17:00:00
258,2.8,2.2,-0.80999994,REGULAR,IQ180803C00032000,USD,1533254400,1.027836892089844,False,2.29,1530904595,99,-26.129032,32.0,call,79,25,2018-08-02 17:00:00
259,2.4,2.0,-2.4499998,REGULAR,IQ180803C00032500,USD,1533254400,0.9873048144531251,False,2.15,1530905160,15,-53.260868,32.5,call,6,25,2018-08-02 17:00:00
260,2.25,1.75,-0.6500001,REGULAR,IQ180803C00033000,USD,1533254400,0.97460962890625,False,2.05,1530895325,33,-24.074078,33.0,call,17,25,2018-08-02 17:00:00
261,2.1,1.7000000000000002,-0.5,REGULAR,IQ180803C00033500,USD,1533254400,0.99023447265625,False,2.05,1530887440,17,-19.607843,33.5,call,11,25,2018-08-02 17:00:00
262,1.9500000000000002,1.5,-0.69000006,REGULAR,IQ180803C00034000,USD,1533254400,0.9790041162109371,False,1.71,1530900049,15,-28.750002,34.0,call,11,25,2018-08-02 17:00:00
263,1.7000000000000002,1.35,-0.5999998999999999,REGULAR,IQ180803C00035000,USD,1533254400,0.997070341796874,False,1.45,1530907023,759,-29.268288,35.0,call,174,25,2018-08-02 17:00:00
264,1.6,1.25,0.0,REGULAR,IQ180803C00035500,USD,1533254400,1.001958115234375,False,1.9,1530819276,61,0.0,35.5,call,14,25,2018-08-02 17:00:00
265,1.45,1.15,-0.5,REGULAR,IQ180803C00036000,USD,1533254400,0.9956055126953121,False,1.25,1530904226,133,-28.57143,36.0,call,1,25,2018-08-02 17:00:00
266,1.4,1.05,-0.8299999,REGULAR,IQ180803C00036500,USD,1533254400,1.004887788085937,False,1.25,1530883995,18,-39.903843,36.5,call,1,25,2018-08-02 17:00:00
267,2.3,0.9,-0.39999998000000003,REGULAR,IQ180803C00037500,USD,1533254400,1.209964887695312,False,1.0,1530904789,49,-28.571426,37.5,call,1,25,2018-08-02 17:00:00
268,1.15,0.8,-0.54,REGULAR,IQ180803C00038000,USD,1533254400,1.009770576171875,False,0.91,1530897310,59,-37.24138,38.0,call,11,25,2018-08-02 17:00:00
269,1.15,0.75,-0.35000002,REGULAR,IQ180803C00038500,USD,1533254400,1.030278286132812,False,0.9,1530898641,29,-28.000004,38.5,call,2,25,2018-08-02 17:00:00
270,1.0,0.65,-0.29000008,REGULAR,IQ180803C00039000,USD,1533254400,1.0078174609375,False,0.9,1530893201,45,-24.369755,39.0,call,1,25,2018-08-02 17:00:00
271,1.0,0.6000000000000001,-0.13999999,REGULAR,IQ180803C00039500,USD,1533254400,1.025395498046875,False,1.0,1530884518,67,-12.280701,39.5,call,1,25,2018-08-02 17:00:00
272,0.85,0.55,-0.35000002,REGULAR,IQ180803C00040000,USD,1533254400,1.0078174609375,False,0.75,1530907121,239,-31.818184,40.0,call,186,25,2018-08-02 17:00:00
273,0.85,0.5,-0.75000006,REGULAR,IQ180803C00040500,USD,1533254400,1.022465825195312,False,0.7000000000000001,1530897108,26,-51.72414,40.5,call,1,25,2018-08-02 17:00:00
274,0.8,0.35000000000000003,0.0,REGULAR,IQ180803C00041000,USD,1533254400,0.99804689453125,False,1.4,1530625333,16,0.0,41.0,call,1,25,2018-08-02 17:00:00
275,0.8,0.4,-0.060000002000000004,REGULAR,IQ180803C00041500,USD,1533254400,1.036137631835937,False,0.6900000000000001,1530887139,34,-8.000001,41.5,call,2,25,2018-08-02 17:00:00
276,0.75,0.5,-0.35000002,REGULAR,IQ180803C00042000,USD,1533254400,1.07422337890625,False,0.5,1530883802,24,-41.17647,42.0,call,7,25,2018-08-02 17:00:00
277,0.65,0.35000000000000003,-0.19999999000000002,REGULAR,IQ180803C00042500,USD,1533254400,1.030278286132812,False,0.55,1530901150,46,-26.666664,42.5,call,3,25,2018-08-02 17:00:00
278,0.65,0.30000000000000004,0.0,REGULAR,IQ180803C00043500,USD,1533254400,1.061528129882812,False,1.05,1530636549,2,0.0,43.5,call,1,25,2018-08-02 17:00:00
279,0.55,0.25,-0.23999998,REGULAR,IQ180803C00044000,USD,1533254400,1.037114189453125,False,0.4,1530884017,66,-37.499996,44.0,call,5,25,2018-08-02 17:00:00
280,0.6000000000000001,0.35000000000000003,0.0,REGULAR,IQ180803C00044500,USD,1533254400,1.10547322265625,False,0.6000000000000001,1530810016,3,0.0,44.5,call,2,25,2018-08-02 17:00:00
281,0.5,0.2,-0.20000002,REGULAR,IQ180803C00045000,USD,1533254400,1.044926650390625,False,0.4,1530897254,38,-33.333336,45.0,call,1,25,2018-08-02 17:00:00
282,0.5,0.15,-0.40000004,REGULAR,IQ180803C00045500,USD,1533254400,1.046879765625,False,0.45,1530884979,14,-47.058826,45.5,call,1,25,2018-08-02 17:00:00
283,0.45,0.1,0.0,REGULAR,IQ180803C00046000,USD,1533254400,1.02734861328125,False,0.55,1530800360,4,0.0,46.0,call,2,25,2018-08-02 17:00:00
284,1.05,0.6000000000000001,0.0,REGULAR,IQ180803C00046500,USD,1533254400,1.383792143554687,False,1.05,1530331065,1,0.0,46.5,call,1,25,2018-08-02 17:00:00
285,0.45,0.2,-0.14999998,REGULAR,IQ180803C00047000,USD,1533254400,1.104496665039062,False,0.30000000000000004,1530892434,15,-33.33333,47.0,call,3,25,2018-08-02 17:00:00
286,0.45,0.0,-0.39999998000000003,REGULAR,IQ180803C00047500,USD,1533254400,1.0390673046875,False,0.30000000000000004,1530899368,10,-57.142853,47.5,call,11,25,2018-08-02 17:00:00
287,0.45,0.1,0.0,REGULAR,IQ180803C00048000,USD,1533254400,1.1015669921875,False,0.4,1530819223,19,0.0,48.0,call,1,25,2018-08-02 17:00:00
288,2.85,1.3,0.0,REGULAR,IQ180803C00048500,USD,1533254400,1.9980468847656252,False,3.0,1529726011,0,0.0,48.5,call,1,25,2018-08-02 17:00:00
289,0.35000000000000003,0.1,-1.25,REGULAR,IQ180803C00049000,USD,1533254400,1.08984830078125,False,0.25,1530898662,2,-83.33333,49.0,call,1,25,2018-08-02 17:00:00
290,0.35000000000000003,0.05,-0.11999999,REGULAR,IQ180803C00050000,USD,1533254400,1.09766076171875,False,0.23,1530891305,52,-34.285713,50.0,call,5,25,2018-08-02 17:00:00
291,0.35000000000000003,0.05,-0.13,REGULAR,IQ180803C00050500,USD,1533254400,1.115238798828125,False,0.22,1530900941,13,-37.142857,50.5,call,2,25,2018-08-02 17:00:00
292,0.15,0.1,-0.07000001,REGULAR,IQ180803C00055000,USD,1533254400,1.15234798828125,False,0.13,1530895513,44,-35.000004,55.0,call,73,25,2018-08-02 17:00:00
293,0.1,0.0,0.0,REGULAR,IQ180803C00060000,USD,1533254400,1.125004375,False,0.15,1530801184,255,0.0,60.0,call,240,25,2018-08-02 17:00:00
294,0.15,0.0,-0.08,REGULAR,IQ180803C00065000,USD,1533254400,1.2968785156249991,False,0.05,1530890403,31,-61.538464,65.0,call,12,25,2018-08-02 17:00:00
295,0.30000000000000004,0.1,-0.030000001000000002,REGULAR,IQ180803P00020000,USD,1533254400,0.99804689453125,False,0.25,1530904825,54,-10.714286,20.0,put,45,25,2018-08-02 17:00:00
296,1.2,0.9,0.15000004,REGULAR,IQ180803P00025000,USD,1533254400,0.965820654296875,False,1.1,1530897996,150,15.789477,25.0,put,83,25,2018-08-02 17:00:00
297,1.65,1.25,-0.32000005,REGULAR,IQ180803P00026000,USD,1533254400,0.99804689453125,False,1.4,1530935208,218,-26.229513,26.0,put,22,25,2018-08-02 17:00:00
298,1.85,1.45,0.0,REGULAR,IQ180803P00026500,USD,1533254400,1.004399509277343,False,1.38,1530935208,8,0.0,26.5,put,5,25,2018-08-02 17:00:00
299,2.15,1.55,0.0,REGULAR,IQ180803P00027000,USD,1533254400,1.005864345703124,False,1.8,1530935208,22,0.0,27.0,put,1,25,2018-08-02 17:00:00
300,2.15,1.85,0.0,REGULAR,IQ180803P00027500,USD,1533254400,0.9853517089843751,False,1.9500000000000002,1530935208,5,0.0,27.5,put,1,25,2018-08-02 17:00:00
301,2.45,2.05,0.5,REGULAR,IQ180803P00028000,USD,1533254400,0.9951172363281251,False,2.3,1530899972,16,27.777779,28.0,put,17,25,2018-08-02 17:00:00
302,3.0,1.9500000000000002,0.40000009999999997,REGULAR,IQ180803P00028500,USD,1533254400,0.992187578125,False,2.45,1530889576,18,19.5122,28.5,put,1,25,2018-08-02 17:00:00
303,3.8,1.65,0.3499999,REGULAR,IQ180803P00029000,USD,1533254400,0.993164130859375,False,2.75,1530897896,17,14.583328,29.0,put,8,25,2018-08-02 17:00:00
304,4.2,3.1,0.39999986,REGULAR,IQ180803P00030000,USD,1533254400,1.114750520019531,True,3.3,1530905366,356,13.7930975,30.0,put,93,25,2018-08-02 17:00:00
305,4.1,3.6,0.22000003,REGULAR,IQ180803P00031000,USD,1533254400,0.9960937890625,True,3.8,1530891288,19,6.145252,31.0,put,12,25,2018-08-02 17:00:00
306,6.0,1.8,0.0,REGULAR,IQ180803P00031500,USD,1533254400,0.9165047412109371,True,3.9,1530801504,10,0.0,31.5,put,1,25,2018-08-02 17:00:00
307,4.7,4.3,-0.70000005,REGULAR,IQ180803P00032000,USD,1533254400,1.002934672851562,True,4.45,1530935208,6,-17.948719,32.0,put,3,25,2018-08-02 17:00:00
308,5.0,4.6,0.0,REGULAR,IQ180803P00032500,USD,1533254400,0.9941406835937501,True,3.3,1530636622,60,0.0,32.5,put,57,25,2018-08-02 17:00:00
309,4.9,4.0,0.0,REGULAR,IQ180803P00033000,USD,1533254400,0.7719749365234371,True,3.91,1530331089,0,0.0,33.0,put,1,25,2018-08-02 17:00:00
310,5.7,5.2,0.0,REGULAR,IQ180803P00033500,USD,1533254400,0.9809572216796871,True,3.75,1530627989,6,0.0,33.5,put,3,25,2018-08-02 17:00:00
311,6.8,6.4,0.44000006,REGULAR,IQ180803P00035000,USD,1533254400,0.9951172363281251,True,6.53,1530900942,104,7.22496,35.0,put,2,25,2018-08-02 17:00:00
312,7.8,6.8,-0.5,REGULAR,IQ180803P00035500,USD,1533254400,1.102543549804687,True,7.1,1530902247,21,-6.5789475,35.5,put,1,25,2018-08-02 17:00:00
313,7.8,7.2,0.0,REGULAR,IQ180803P00036000,USD,1533254400,1.038090747070312,True,6.47,1530551551,4,0.0,36.0,put,1,25,2018-08-02 17:00:00
314,9.5,7.1,0.0,REGULAR,IQ180803P00037500,USD,1533254400,0.871583315429687,True,8.1,1530192606,19,0.0,37.5,put,9,25,2018-08-02 17:00:00
315,9.3,8.6,2.4999995,REGULAR,IQ180803P00038000,USD,1533254400,0.96679720703125,True,8.9,1530890042,5,39.062492,38.0,put,3,25,2018-08-02 17:00:00
316,7.8,6.8,0.0,REGULAR,IQ180803P00039500,USD,1533254400,1e-05,True,6.08,1529726027,10,0.0,39.5,put,10,25,2018-08-02 17:00:00
317,9.8,8.4,0.0,REGULAR,IQ180803P00040000,USD,1533254400,1e-05,True,9.7,1530205753,12,0.0,40.0,put,2,25,2018-08-02 17:00:00
318,13.7,11.1,0.0,REGULAR,IQ180803P00041000,USD,1533254400,1.3271518017578119,True,9.3,1530626360,20,0.0,41.0,put,8,25,2018-08-02 17:00:00
319,12.7,11.5,0.0,REGULAR,IQ180803P00041500,USD,1533254400,0.9941406835937501,True,9.6,1530632922,21,0.0,41.5,put,19,25,2018-08-02 17:00:00
320,11.1,10.7,0.85999966,REGULAR,IQ180803P00042000,USD,1533254400,1e-05,True,10.5,1530119306,5,8.921158,42.0,put,1,25,2018-08-02 17:00:00
321,13.7,12.4,0.0,REGULAR,IQ180803P00042500,USD,1533254400,1.013676806640625,True,10.6,1530626325,11,0.0,42.5,put,8,25,2018-08-02 17:00:00
322,14.1,12.9,0.0,REGULAR,IQ180803P00043000,USD,1533254400,1.005864345703124,True,12.3,1530804612,14,0.0,43.0,put,4,25,2018-08-02 17:00:00
323,14.7,13.4,0.0,REGULAR,IQ180803P00043500,USD,1533254400,1.05859845703125,True,10.8,1530935210,11,0.0,43.5,put,11,25,2018-08-02 17:00:00
324,13.0,12.3,0.0,REGULAR,IQ180803P00044000,USD,1533254400,1e-05,True,12.5,1530125046,0,0.0,44.0,put,25,25,2018-08-02 17:00:00
325,11.9,10.8,0.0,REGULAR,IQ180803P00045000,USD,1533254400,1e-05,True,10.78,1529726027,10,0.0,45.0,put,16,25,2018-08-02 17:00:00
326,17.0,16.4,0.0,REGULAR,IQ180803P00048500,USD,1533254400,1e-05,True,16.9,1530331091,1,0.0,48.5,put,1,25,2018-08-02 17:00:00
327,20.9,17.0,0.0,REGULAR,IQ180803P00049000,USD,1533254400,1.9238285058593751,True,17.4,1530935210,2,0.0,49.0,put,2,25,2018-08-02 17:00:00
328,18.6,17.8,0.0,REGULAR,IQ180803P00050000,USD,1533254400,1e-05,True,18.3,1530331091,3,0.0,50.0,put,3,25,2018-08-02 17:00:00
329,17.8,15.1,0.0,REGULAR,IQ180803P00050500,USD,1533254400,1e-05,True,15.3,1529726028,0,0.0,50.5,put,10,25,2018-08-02 17:00:00
330,5.8,4.5,0.0,REGULAR,IQ180810C00026500,USD,1533859200,0.9208992285156251,True,6.2,1530935187,1,0.0,26.5,call,2,32,2018-08-09 17:00:00
331,6.2,4.0,0.0,REGULAR,IQ180810C00027000,USD,1533859200,0.9990234472656251,True,7.5,1530935187,1,0.0,27.0,call,1,32,2018-08-09 17:00:00
332,6.4,3.9,0.0,REGULAR,IQ180810C00027500,USD,1533859200,1.098149040527344,True,4.6,1530935187,0,0.0,27.5,call,2,32,2018-08-09 17:00:00
333,4.8,3.5,0.0,REGULAR,IQ180810C00028500,USD,1533859200,0.9575199560546871,True,5.4,1530935188,1,0.0,28.5,call,1,32,2018-08-09 17:00:00
334,4.4,3.0,0.0,REGULAR,IQ180810C00029000,USD,1533859200,0.900391621093749,True,4.1,1530935188,0,0.0,29.0,call,1,32,2018-08-09 17:00:00
335,4.0,3.4,0.0,REGULAR,IQ180810C00029500,USD,1533859200,0.9672854833984371,True,3.5,1530935188,0,0.0,29.5,call,2,32,2018-08-09 17:00:00
336,3.7,3.0,0.0,REGULAR,IQ180810C00030000,USD,1533859200,0.9326178613281251,False,3.3,1530935188,13,0.0,30.0,call,52,32,2018-08-09 17:00:00
337,3.1,2.8,0.0,REGULAR,IQ180810C00031000,USD,1533859200,0.937012348632812,False,2.85,1530935188,42,0.0,31.0,call,11,32,2018-08-09 17:00:00
338,4.8,0.9,0.0,REGULAR,IQ180810C00031500,USD,1533859200,0.9624027197265621,False,3.64,1530818236,5,0.0,31.5,call,4,32,2018-08-09 17:00:00
339,2.9,2.5,-0.9000001,REGULAR,IQ180810C00032000,USD,1533859200,0.9711916943359371,False,2.6,1530905364,128,-25.714287,32.0,call,88,32,2018-08-09 17:00:00
340,2.75,2.05,0.0,REGULAR,IQ180810C00032500,USD,1533859200,0.935547519531249,False,3.5,1530799226,68,0.0,32.5,call,3,32,2018-08-09 17:00:00
341,2.65,1.85,-0.6200000999999999,REGULAR,IQ180810C00033000,USD,1533859200,0.9389654541015621,False,2.32,1530897865,22,-21.08844,33.0,call,33,32,2018-08-09 17:00:00
342,2.45,1.55,-0.85000014,REGULAR,IQ180810C00033500,USD,1533859200,0.9111337011718751,False,2.1,1530892317,35,-28.813564,33.5,call,1,32,2018-08-09 17:00:00
343,3.0,1.25,0.0,REGULAR,IQ180810C00034000,USD,1533859200,0.9877930908203121,False,3.37,1530935188,4,0.0,34.0,call,4,32,2018-08-09 17:00:00
344,2.0,1.45,-0.80999994,REGULAR,IQ180810C00035000,USD,1533859200,0.948242705078125,False,1.69,1530902341,14,-32.399998,35.0,call,56,32,2018-08-09 17:00:00
345,3.2,2.85,0.0,REGULAR,IQ180810C00035500,USD,1533859200,1.358401645507812,False,3.1,1530331067,0,0.0,35.5,call,1,32,2018-08-09 17:00:00
346,1.75,1.25,0.0,REGULAR,IQ180810C00036000,USD,1533859200,0.9501958105468741,False,1.7000000000000002,1530935189,1,0.0,36.0,call,2,32,2018-08-09 17:00:00
347,1.9500000000000002,1.1,-1.15,REGULAR,IQ180810C00036500,USD,1533859200,0.9912110253906251,False,1.35,1530905048,1,-45.999996,36.5,call,11,32,2018-08-09 17:00:00
348,1.6,1.0,0.0,REGULAR,IQ180810C00037000,USD,1533859200,0.9511723632812491,False,1.25,1530935189,1,0.0,37.0,call,1,32,2018-08-09 17:00:00
349,1.5,1.0,0.0,REGULAR,IQ180810C00037500,USD,1533859200,0.9653323779296871,False,1.2,1530935189,2,0.0,37.5,call,10,32,2018-08-09 17:00:00
350,1.4,0.9500000000000001,0.0,REGULAR,IQ180810C00038000,USD,1533859200,0.9697268652343741,False,1.1,1530935189,8,0.0,38.0,call,2,32,2018-08-09 17:00:00
351,1.3,0.8,-0.14999998,REGULAR,IQ180810C00038500,USD,1533859200,0.9541020214843751,False,1.2,1530906225,4,-11.111109,38.5,call,2,32,2018-08-09 17:00:00
352,1.25,0.8,-0.29999995,REGULAR,IQ180810C00039000,USD,1533859200,0.9726565234375,False,1.0,1530900908,15,-23.07692,39.0,call,12,32,2018-08-09 17:00:00
353,1.2,0.8,0.0,REGULAR,IQ180810C00039500,USD,1533859200,0.99023447265625,False,1.3,1530815936,5,0.0,39.5,call,3,32,2018-08-09 17:00:00
354,1.15,0.5,-0.30000007,REGULAR,IQ180810C00040000,USD,1533859200,0.9487309814453121,False,0.9,1530892281,27,-25.000006,40.0,call,1,32,2018-08-09 17:00:00
355,0.7000000000000001,0.1,-0.25,REGULAR,IQ180810C00045000,USD,1533859200,0.961914443359374,False,0.45,1530902804,13,-35.714287,45.0,call,10,32,2018-08-09 17:00:00
356,0.45,0.1,0.0,REGULAR,IQ180810P00020000,USD,1533859200,0.9589847851562491,False,0.35000000000000003,1530935211,1,0.0,20.0,put,1,32,2018-08-09 17:00:00
357,1.6,0.8,0.0,REGULAR,IQ180810P00025000,USD,1533859200,0.9174812939453121,False,1.34,1530935211,1,0.0,25.0,put,21,32,2018-08-09 17:00:00
358,2.7,0.9,0.049999952,REGULAR,IQ180810P00025500,USD,1533859200,1.069340590820312,False,1.5,1530893916,4,3.4482725,25.5,put,10,32,2018-08-09 17:00:00
359,1.6,1.45,0.15999997,REGULAR,IQ180810P00026000,USD,1533859200,0.9145516357421871,False,1.6,1530891088,20,11.111108,26.0,put,5,32,2018-08-09 17:00:00
360,2.3,1.8,0.3599999,REGULAR,IQ180810P00027000,USD,1533859200,0.9584965087890621,False,2.06,1530906276,14,21.176464,27.0,put,2,32,2018-08-09 17:00:00
361,2.5,2.0,0.0,REGULAR,IQ180810P00027500,USD,1533859200,0.9541020214843751,False,2.25,1530935211,1,0.0,27.5,put,12,32,2018-08-09 17:00:00
362,2.7,2.3,0.26999998000000003,REGULAR,IQ180810P00028000,USD,1533859200,0.9604496142578121,False,2.4,1530884336,11,12.676054,28.0,put,5,32,2018-08-09 17:00:00
363,3.9,2.1,0.0,REGULAR,IQ180810P00028500,USD,1533859200,1.03516107421875,False,1.8,1530634329,2,0.0,28.5,put,1,32,2018-08-09 17:00:00
364,3.1,2.65,0.29999995,REGULAR,IQ180810P00029000,USD,1533859200,0.9272468212890621,False,2.95,1530897927,8,11.320753,29.0,put,8,32,2018-08-09 17:00:00
365,3.4,2.95,0.5,REGULAR,IQ180810P00029500,USD,1533859200,0.937988901367187,False,3.2,1530885470,2,18.518518,29.5,put,4,32,2018-08-09 17:00:00
366,3.7,3.3,0.0,REGULAR,IQ180810P00030000,USD,1533859200,0.9516606396484371,True,3.5,1530935211,6,0.0,30.0,put,5,32,2018-08-09 17:00:00
367,4.4,3.1,0.0,REGULAR,IQ180810P00030500,USD,1533859200,0.941895112304687,True,3.11,1530331092,0,0.0,30.5,put,1,32,2018-08-09 17:00:00
368,4.5,3.9,0.0,REGULAR,IQ180810P00031000,USD,1533859200,0.9838868798828121,True,4.1,1530935212,2,0.0,31.0,put,3,32,2018-08-09 17:00:00
369,4.8,4.2,0.0,REGULAR,IQ180810P00031500,USD,1533859200,0.9814454980468751,True,4.5,1530935212,1,0.0,31.5,put,2,32,2018-08-09 17:00:00
370,7.0,2.5,0.9000001,REGULAR,IQ180810P00032000,USD,1533859200,0.96289099609375,True,4.8,1530892179,4,23.076925,32.0,put,1,32,2018-08-09 17:00:00
371,5.5,4.6,0.0,REGULAR,IQ180810P00032500,USD,1533859200,0.95507857421875,True,5.58,1530935212,20,0.0,32.5,put,1,32,2018-08-09 17:00:00
372,6.2,4.8,0.0,REGULAR,IQ180810P00033000,USD,1533859200,0.9863282617187501,True,4.0,1530797574,4,0.0,33.0,put,3,32,2018-08-09 17:00:00
373,7.7,5.1,0.0,REGULAR,IQ180810P00033500,USD,1533859200,1.141117575683593,True,5.7,1530935212,1,0.0,33.5,put,1,32,2018-08-09 17:00:00
374,6.8,5.6,0.0,REGULAR,IQ180810P00034000,USD,1533859200,0.9863282617187501,True,5.53,1530935212,3,0.0,34.0,put,3,32,2018-08-09 17:00:00
375,7.5,6.3,0.0,REGULAR,IQ180810P00035000,USD,1533859200,0.9765627343750001,True,5.53,1530797952,6,0.0,35.0,put,1,32,2018-08-09 17:00:00
376,10.3,7.5,0.0,REGULAR,IQ180810P00036500,USD,1533859200,1.229496040039062,True,8.1,1530935212,0,0.0,36.5,put,1,32,2018-08-09 17:00:00
377,9.6,8.5,0.0,REGULAR,IQ180810P00037500,USD,1533859200,1.037114189453125,True,8.9,1530935213,0,0.0,37.5,put,12,32,2018-08-09 17:00:00
378,10.9,8.8,0.0,REGULAR,IQ180810P00038500,USD,1533859200,1.030278286132812,True,8.8,1530935213,1,0.0,38.5,put,1,32,2018-08-09 17:00:00
379,11.5,9.9,0.0,REGULAR,IQ180810P00039500,USD,1533859200,1.033696237792968,True,9.5,1530935213,10,0.0,39.5,put,10,32,2018-08-09 17:00:00
380,16.9,13.5,0.0,REGULAR,IQ180810P00045000,USD,1533859200,0.7460962890625,True,14.38,1530935213,1,0.0,45.0,put,1,32,2018-08-09 17:00:00
381,14.0,10.8,0.0,REGULAR,IQ180817C00017500,USD,1534464000,1.901367680664062,True,13.7,1530804345,2,0.0,17.5,call,1,39,2018-08-16 17:00:00
382,10.9,10.0,-0.8199997,REGULAR,IQ180817C00020000,USD,1534464000,1.046879765625,True,10.3,1530906747,60,-7.3740983,20.0,call,9,39,2018-08-16 17:00:00
383,11.3,10.4,0.3899994,REGULAR,IQ180817C00022500,USD,1534464000,1.891113825683593,True,10.7,1530289372,68,3.7827291,22.5,call,17,39,2018-08-16 17:00:00
384,6.5,6.2,-1.3999996,REGULAR,IQ180817C00025000,USD,1534464000,0.91211025390625,True,6.3,1530907006,252,-18.181814,25.0,call,112,39,2018-08-16 17:00:00
385,3.6,3.5,-0.8000001999999999,REGULAR,IQ180817C00030000,USD,1534464000,0.899415068359374,False,3.6,1530907129,1945,-18.181822,30.0,call,1638,39,2018-08-16 17:00:00
386,1.9500000000000002,1.85,-0.54999995,REGULAR,IQ180817C00035000,USD,1534464000,0.910645424804687,False,1.94,1530907196,3862,-22.088352,35.0,call,1091,39,2018-08-16 17:00:00
387,1.05,0.9500000000000001,-0.40999997,REGULAR,IQ180817C00040000,USD,1534464000,0.9252937158203121,False,1.0,1530906858,3666,-29.078012,40.0,call,989,39,2018-08-16 17:00:00
388,0.6000000000000001,0.5,-0.30000000000000004,REGULAR,IQ180817C00045000,USD,1534464000,0.9511723632812491,False,0.55,1530907052,3479,-35.294117,45.0,call,487,39,2018-08-16 17:00:00
389,0.35000000000000003,0.25,-0.15999997,REGULAR,IQ180817C00050000,USD,1534464000,0.96679720703125,False,0.36,1530905301,1936,-30.769226,50.0,call,199,39,2018-08-16 17:00:00
390,0.30000000000000004,0.2,-0.14999999,REGULAR,IQ180817C00055000,USD,1534464000,1.05859845703125,False,0.2,1530905663,1193,-42.85714,55.0,call,33,39,2018-08-16 17:00:00
391,0.2,0.1,-0.08,REGULAR,IQ180817C00060000,USD,1534464000,1.0703171484375,False,0.15,1530885704,1642,-34.782608,60.0,call,4,39,2018-08-16 17:00:00
392,0.1,0.0,-0.050000004,REGULAR,IQ180817C00065000,USD,1534464000,0.9960937890625,False,0.1,1530888029,958,-33.333336,65.0,call,4,39,2018-08-16 17:00:00
393,0.2,0.1,-0.030000001000000002,REGULAR,IQ180817P00017500,USD,1534464000,0.96679720703125,False,0.15,1530886251,71,-16.666668,17.5,put,12,39,2018-08-16 17:00:00
394,0.4,0.30000000000000004,0.0,REGULAR,IQ180817P00020000,USD,1534464000,0.929688203125,False,0.35000000000000003,1530904843,277,0.0,20.0,put,80,39,2018-08-16 17:00:00
395,0.8,0.7000000000000001,0.06999999,REGULAR,IQ180817P00022500,USD,1534464000,0.9140633593749999,False,0.75,1530905461,364,10.294116,22.5,put,58,39,2018-08-16 17:00:00
396,1.45,1.4,0.11000001400000001,REGULAR,IQ180817P00025000,USD,1534464000,0.910645424804687,False,1.4,1530907023,1742,8.527133,25.0,put,375,39,2018-08-16 17:00:00
397,3.7,3.5,0.47000003,REGULAR,IQ180817P00030000,USD,1534464000,0.8920909228515621,True,3.7,1530906797,4457,14.551084,30.0,put,243,39,2018-08-16 17:00:00
398,7.2,6.9,0.7999997,REGULAR,IQ180817P00035000,USD,1534464000,0.929199926757812,True,7.1,1530904433,4454,12.698407,35.0,put,77,39,2018-08-16 17:00:00
399,11.3,10.9,0.8400001500000001,REGULAR,IQ180817P00040000,USD,1534464000,0.9321295849609371,True,11.14,1530906903,726,8.155341,40.0,put,17,39,2018-08-16 17:00:00
400,16.0,15.2,1.9799995,REGULAR,IQ180817P00045000,USD,1534464000,0.9365240722656251,True,15.08,1530884574,334,15.1145,45.0,put,1,39,2018-08-16 17:00:00
401,18.7,17.5,-0.70000076,REGULAR,IQ180817P00050000,USD,1534464000,1e-05,True,17.9,1530284142,313,-3.7634447,50.0,put,10,39,2018-08-16 17:00:00
402,25.9,25.0,0.0,REGULAR,IQ180817P00055000,USD,1534464000,1.146488642578124,True,22.1,1530633651,56,0.0,55.0,put,14,39,2018-08-16 17:00:00
403,31.3,29.3,0.0,REGULAR,IQ180817P00060000,USD,1534464000,1.144535527343749,True,28.83,1530817992,15,0.0,60.0,put,1,39,2018-08-16 17:00:00
404,33.4,31.6,0.0,REGULAR,IQ180817P00065000,USD,1534464000,1e-05,True,32.8,1530211083,70,0.0,65.0,put,14,39,2018-08-16 17:00:00
405,5.2,3.6,0.0,REGULAR,IQ180824C00029000,USD,1535068800,0.9248054394531251,True,4.24,1530935190,0,0.0,29.0,call,3,46,2018-08-23 17:00:00
406,4.7,3.4,0.0,REGULAR,IQ180824C00029500,USD,1535068800,0.896485410156249,True,3.9,1530935190,0,0.0,29.5,call,4,46,2018-08-23 17:00:00
407,4.0,3.5,0.0,REGULAR,IQ180824C00030000,USD,1535068800,0.877930908203125,False,3.6,1530935191,0,0.0,30.0,call,14,46,2018-08-23 17:00:00
408,4.6,2.7,0.0,REGULAR,IQ180824C00030500,USD,1535068800,0.9038095556640621,False,3.6,1530935191,0,0.0,30.5,call,4,46,2018-08-23 17:00:00
409,4.3,2.15,0.0,REGULAR,IQ180824C00031000,USD,1535068800,0.8520522607421871,False,3.36,1530935191,3,0.0,31.0,call,5,46,2018-08-23 17:00:00
410,3.1,2.75,0.0,REGULAR,IQ180824C00032000,USD,1535068800,0.86914193359375,False,2.95,1530935191,2,0.0,32.0,call,29,46,2018-08-23 17:00:00
411,3.4,2.05,0.0,REGULAR,IQ180824C00032500,USD,1535068800,0.8632826171875,False,3.2,1530935191,4,0.0,32.5,call,4,46,2018-08-23 17:00:00
412,3.8,1.55,0.0,REGULAR,IQ180824C00033000,USD,1535068800,0.8896495410156241,False,2.8,1530935191,0,0.0,33.0,call,3,46,2018-08-23 17:00:00
413,2.75,2.4,0.0,REGULAR,IQ180824C00033500,USD,1535068800,0.902833002929687,False,3.1,1530935191,1,0.0,33.5,call,1,46,2018-08-23 17:00:00
414,2.95,1.6,0.0,REGULAR,IQ180824C00034000,USD,1535068800,0.867188828125,False,3.56,1530935191,0,0.0,34.0,call,8,46,2018-08-23 17:00:00
415,2.3,2.05,0.0,REGULAR,IQ180824C00035000,USD,1535068800,0.9086923193359371,False,2.08,1530935191,30,0.0,35.0,call,72,46,2018-08-23 17:00:00
416,2.45,1.1,0.0,REGULAR,IQ180824C00036000,USD,1535068800,0.870118486328125,False,2.5,1530935191,1,0.0,36.0,call,1,46,2018-08-23 17:00:00
417,2.25,1.1,0.0,REGULAR,IQ180824C00037000,USD,1535068800,0.900391621093749,False,2.14,1530935191,1,0.0,37.0,call,1,46,2018-08-23 17:00:00
418,1.7000000000000002,1.3,0.0,REGULAR,IQ180824C00038000,USD,1535068800,0.9062509375000001,False,1.44,1530935191,0,0.0,38.0,call,13,46,2018-08-23 17:00:00
419,1.45,0.75,0.0,REGULAR,IQ180824C00040000,USD,1535068800,0.8857433300781251,False,1.1,1530935192,1,0.0,40.0,call,1,46,2018-08-23 17:00:00
420,2.0,1.8,0.0,REGULAR,IQ180824P00026000,USD,1535068800,0.8750012500000001,False,2.1,1530935214,0,0.0,26.0,put,6,46,2018-08-23 17:00:00
421,2.7,2.45,0.0,REGULAR,IQ180824P00027500,USD,1535068800,0.885255053710937,False,2.3,1530935214,15,0.0,27.5,put,15,46,2018-08-23 17:00:00
422,3.6,2.85,0.0,REGULAR,IQ180824P00028500,USD,1535068800,0.9257819921875,False,2.68,1530935214,4,0.0,28.5,put,4,46,2018-08-23 17:00:00
423,3.6,3.1,0.0,REGULAR,IQ180824P00029000,USD,1535068800,0.8935557519531251,False,3.3,1530935214,0,0.0,29.0,put,7,46,2018-08-23 17:00:00
424,4.8,2.8,0.0,REGULAR,IQ180824P00029500,USD,1535068800,0.9365240722656251,False,3.7,1530935214,0,0.0,29.5,put,2,46,2018-08-23 17:00:00
425,4.7,3.8,0.0,REGULAR,IQ180824P00030000,USD,1535068800,0.9765627343750001,True,3.94,1530935214,36,0.0,30.0,put,26,46,2018-08-23 17:00:00
426,5.8,3.6,0.0,REGULAR,IQ180824P00031000,USD,1535068800,0.9438482177734371,True,4.4,1530935214,0,0.0,31.0,put,1,46,2018-08-23 17:00:00
427,6.8,5.3,0.0,REGULAR,IQ180824P00033000,USD,1535068800,0.9584965087890621,True,5.71,1530935214,0,0.0,33.0,put,2,46,2018-08-23 17:00:00
428,8.5,6.7,0.0,REGULAR,IQ180824P00035000,USD,1535068800,0.9916993017578121,True,7.16,1530935215,1,0.0,35.0,put,53,46,2018-08-23 17:00:00
429,23.4,21.9,-3.5,REGULAR,IQ180921C00007500,USD,1537488000,1.81640716796875,True,22.5,1530887124,3,-13.461539,7.5,call,1,74,2018-09-20 17:00:00
430,20.7,19.4,0.0,REGULAR,IQ180921C00010000,USD,1537488000,1.308597207031249,True,21.1,1530819074,306,0.0,10.0,call,5,74,2018-09-20 17:00:00
431,18.4,16.9,0.0,REGULAR,IQ180921C00012500,USD,1537488000,1.185550947265625,True,20.74,1530635217,95,0.0,12.5,call,5,74,2018-09-20 17:00:00
432,16.0,13.8,-1.6999989,REGULAR,IQ180921C00015000,USD,1537488000,1.4697292138671871,True,14.6,1530892474,342,-10.429441,15.0,call,4,74,2018-09-20 17:00:00
433,15.4,15.0,0.0,REGULAR,IQ180921C00017500,USD,1537488000,1.801758803710937,True,15.26,1530210361,1394,0.0,17.5,call,11,74,2018-09-20 17:00:00
434,10.6,10.4,-1.21,REGULAR,IQ180921C00020000,USD,1537488000,0.7905294384765621,True,10.59,1530907182,1517,-10.254238,20.0,call,122,74,2018-09-20 17:00:00
435,8.6,8.4,-1.2699995,REGULAR,IQ180921C00022500,USD,1537488000,0.7744163183593751,True,8.63,1530897763,2759,-12.828279,22.5,call,11,74,2018-09-20 17:00:00
436,7.1,6.9,-1.21,REGULAR,IQ180921C00025000,USD,1537488000,0.82226740234375,True,6.88,1530907173,2155,-14.956737,25.0,call,114,74,2018-09-20 17:00:00
437,4.5,4.2,-0.77999973,REGULAR,IQ180921C00030000,USD,1537488000,0.8095722167968741,False,4.4,1530907151,3724,-15.057911,30.0,call,1320,74,2018-09-20 17:00:00
438,2.75,2.55,-0.54999995,REGULAR,IQ180921C00035000,USD,1537488000,0.8127460131835931,False,2.65,1530907110,5192,-17.187498,35.0,call,937,74,2018-09-20 17:00:00
439,1.75,1.6,-0.45999992,REGULAR,IQ180921C00040000,USD,1537488000,0.834962587890624,False,1.6,1530907176,5948,-22.330093,40.0,call,876,74,2018-09-20 17:00:00
440,1.0,0.9500000000000001,-0.44,REGULAR,IQ180921C00045000,USD,1537488000,0.8271501660156241,False,0.96,1530906091,4592,-31.428572,45.0,call,474,74,2018-09-20 17:00:00
441,0.65,0.6000000000000001,-0.20000005,REGULAR,IQ180921C00050000,USD,1537488000,0.8447281152343741,False,0.65,1530906042,5249,-23.529417,50.0,call,353,74,2018-09-20 17:00:00
442,0.45,0.35000000000000003,-0.13999999,REGULAR,IQ180921C00055000,USD,1537488000,0.8554701953125,False,0.43,1530906465,6466,-24.561401,55.0,call,82,74,2018-09-20 17:00:00
443,0.35000000000000003,0.30000000000000004,-0.09,REGULAR,IQ180921C00060000,USD,1537488000,0.90429783203125,False,0.32,1530904634,1073,-21.951221,60.0,call,142,74,2018-09-20 17:00:00
444,0.30000000000000004,0.2,-0.060000017,REGULAR,IQ180921C00065000,USD,1537488000,0.9335944140625,False,0.24,1530903286,572,-20.000004,65.0,call,94,74,2018-09-20 17:00:00
445,0.05,0.0,-0.05,REGULAR,IQ180921P00007500,USD,1537488000,1.281253593749999,False,0.05,1529675006,27,-50.0,7.5,put,1,74,2018-09-20 17:00:00
446,0.1,0.0,-0.010000005000000001,REGULAR,IQ180921P00010000,USD,1537488000,1.125004375,False,0.08,1529694707,627,-11.111115999999999,10.0,put,1,74,2018-09-20 17:00:00
447,0.1,0.05,-0.05,REGULAR,IQ180921P00012500,USD,1537488000,0.9648441015625,False,0.05,1530287550,799,-50.0,12.5,put,109,74,2018-09-20 17:00:00
448,0.2,0.15,0.0,REGULAR,IQ180921P00015000,USD,1537488000,0.91211025390625,False,0.1,1530799898,2475,0.0,15.0,put,50,74,2018-09-20 17:00:00
449,0.4,0.35000000000000003,0.049999982000000005,REGULAR,IQ180921P00017500,USD,1537488000,0.8759778027343751,False,0.35000000000000003,1530896040,4931,16.66666,17.5,put,330,74,2018-09-20 17:00:00
450,0.8,0.6000000000000001,0.0,REGULAR,IQ180921P00020000,USD,1537488000,0.8398453515625001,False,0.66,1530903642,3630,0.0,20.0,put,217,74,2018-09-20 17:00:00
451,1.25,1.15,0.08000004000000001,REGULAR,IQ180921P00022500,USD,1537488000,0.8095722167968741,False,1.23,1530905833,3108,6.956526,22.5,put,33,74,2018-09-20 17:00:00
452,2.1,2.0,0.18999994,REGULAR,IQ180921P00025000,USD,1537488000,0.8154315332031251,False,2.05,1530906500,8558,10.21505,25.0,put,336,74,2018-09-20 17:00:00
453,4.6,4.4,0.3699999,REGULAR,IQ180921P00030000,USD,1537488000,0.822755678710937,True,4.4,1530906998,15302,9.181138,30.0,put,486,74,2018-09-20 17:00:00
454,7.8,7.6,0.7000003,REGULAR,IQ180921P00035000,USD,1537488000,0.8071308349609371,True,7.8,1530906939,13707,9.8591585,35.0,put,96,74,2018-09-20 17:00:00
455,11.9,11.5,0.5,REGULAR,IQ180921P00040000,USD,1537488000,0.8232439550781251,True,11.8,1530898746,8852,4.424779,40.0,put,185,74,2018-09-20 17:00:00
456,16.3,15.9,1.1199999,REGULAR,IQ180921P00045000,USD,1537488000,0.8398453515625001,True,16.15,1530904152,1089,7.451762,45.0,put,2,74,2018-09-20 17:00:00
457,22.3,19.9,1.0699996999999999,REGULAR,IQ180921P00050000,USD,1537488000,0.9687503125,True,20.64,1530891739,919,5.4675508,50.0,put,15,74,2018-09-20 17:00:00
458,25.9,24.3,0.0,REGULAR,IQ180921P00055000,USD,1537488000,0.539067109375,True,23.5,1530543817,5320,0.0,55.0,put,57,74,2018-09-20 17:00:00
459,30.7,29.0,4.619999,REGULAR,IQ180921P00060000,USD,1537488000,1.0390673046875,True,30.22,1530891739,115,18.046871,60.0,put,15,74,2018-09-20 17:00:00
460,35.9,33.6,0.0,REGULAR,IQ180921P00065000,USD,1537488000,1.196781359863281,True,34.0,1530818989,158,0.0,65.0,put,10,74,2018-09-20 17:00:00
461,23.0,21.6,-2.4099998,REGULAR,IQ181221C00007500,USD,1545350400,1.519533652343749,True,22.29,1530897516,58,-9.757085,7.5,call,5,165,2018-12-20 16:00:00
462,20.5,18.6,-5.1499996,REGULAR,IQ181221C00010000,USD,1545350400,1.2216835791015621,True,20.0,1530896297,41,-20.477135,10.0,call,2,165,2018-12-20 16:00:00
463,20.5,20.0,0.5,REGULAR,IQ181221C00012500,USD,1545350400,1.7656261718750001,True,23.6,1530111021,182,2.1645021,12.5,call,2,165,2018-12-20 16:00:00
464,16.4,14.7,-1.6199998999999998,REGULAR,IQ181221C00015000,USD,1545350400,0.8369156933593741,True,14.78,1530883945,657,-9.878048,15.0,call,1,165,2018-12-20 16:00:00
465,14.1,12.9,-2.5200005,REGULAR,IQ181221C00017500,USD,1545350400,0.814943256835937,True,13.08,1530899281,241,-16.153849,17.5,call,2,165,2018-12-20 16:00:00
466,11.7,11.1,-1.4000006,REGULAR,IQ181221C00020000,USD,1545350400,0.7500025,True,11.2,1530904488,825,-11.111115,20.0,call,213,165,2018-12-20 16:00:00
467,9.9,9.5,-1.6700001,REGULAR,IQ181221C00022500,USD,1545350400,0.7426783544921871,True,9.73,1530907047,740,-14.649124,22.5,call,10,165,2018-12-20 16:00:00
468,8.5,8.1,-1.3999996,REGULAR,IQ181221C00025000,USD,1545350400,0.7512231909179681,True,8.1,1530906076,1438,-14.736838,25.0,call,29,165,2018-12-20 16:00:00
469,6.2,5.8,-1.21,REGULAR,IQ181221C00030000,USD,1545350400,0.7551294018554681,False,5.89,1530905546,2659,-17.042253,30.0,call,751,165,2018-12-20 16:00:00
470,4.5,4.1,-0.8800001,REGULAR,IQ181221C00035000,USD,1545350400,0.754885263671875,False,4.22,1530905900,4464,-17.254904,35.0,call,144,165,2018-12-20 16:00:00
471,3.4,2.95,-0.60000014,REGULAR,IQ181221C00040000,USD,1545350400,0.7670921728515621,False,3.1,1530907181,2281,-16.21622,40.0,call,164,165,2018-12-20 16:00:00
472,2.45,2.25,-0.54999995,REGULAR,IQ181221C00045000,USD,1545350400,0.7744163183593751,False,2.25,1530905329,1616,-19.642855,45.0,call,264,165,2018-12-20 16:00:00
473,1.85,1.7000000000000002,-0.40999985,REGULAR,IQ181221C00050000,USD,1545350400,0.7839377075195311,False,1.7000000000000002,1530907065,1875,-19.431274,50.0,call,61,165,2018-12-20 16:00:00
474,1.45,1.15,-0.05000007,REGULAR,IQ181221C00055000,USD,1545350400,0.782228740234375,False,1.55,1530885201,735,-3.1250045,55.0,call,3,165,2018-12-20 16:00:00
475,1.1,0.85,-0.19999993,REGULAR,IQ181221C00060000,USD,1545350400,0.784425983886718,False,1.1,1530889524,994,-15.38461,60.0,call,6,165,2018-12-20 16:00:00
476,0.85,0.65,-0.14999998,REGULAR,IQ181221C00065000,USD,1545350400,0.790041162109375,False,0.8,1530894599,1030,-15.789472,65.0,call,82,165,2018-12-20 16:00:00
477,0.15,0.0,0.0,REGULAR,IQ181221P00007500,USD,1545350400,1.003911230468749,False,0.05,1528829943,13,0.0,7.5,put,7,165,2018-12-20 16:00:00
478,0.1,0.05,-0.009999998000000001,REGULAR,IQ181221P00010000,USD,1545350400,0.804689453125,False,0.09,1530905352,113,-9.999998,10.0,put,1,165,2018-12-20 16:00:00
479,0.30000000000000004,0.15,0.0,REGULAR,IQ181221P00012500,USD,1545350400,0.79687703125,False,0.25,1530896083,514,0.0,12.5,put,2,165,2018-12-20 16:00:00
480,0.6000000000000001,0.4,0.060000002000000004,REGULAR,IQ181221P00015000,USD,1545350400,0.7851583984375,False,0.55,1530883800,1025,12.244898,15.0,put,1,165,2018-12-20 16:00:00
481,1.05,0.8,0.09999996400000001,REGULAR,IQ181221P00017500,USD,1545350400,0.7719749365234371,False,0.9500000000000001,1530892664,3115,11.764702,17.5,put,18,165,2018-12-20 16:00:00
482,1.6,1.45,0.03000009,REGULAR,IQ181221P00020000,USD,1545350400,0.75976802734375,False,1.58,1530898752,2181,1.9354898999999999,20.0,put,57,165,2018-12-20 16:00:00
483,2.5,2.25,0.07999992,REGULAR,IQ181221P00022500,USD,1545350400,0.7592797509765621,False,2.33,1530901888,605,3.5555522,22.5,put,21,165,2018-12-20 16:00:00
484,3.6,3.3,0.18000007,REGULAR,IQ181221P00025000,USD,1545350400,0.7617211328125001,False,3.42,1530906933,5848,5.5555573,25.0,put,82,165,2018-12-20 16:00:00
485,6.2,5.9,0.40000009999999997,REGULAR,IQ181221P00030000,USD,1545350400,0.7514673291015621,True,6.1,1530905379,3776,7.017545,30.0,put,123,165,2018-12-20 16:00:00
486,9.6,9.2,0.7899999600000001,REGULAR,IQ181221P00035000,USD,1545350400,0.7575707836914061,True,9.51,1530893439,3701,9.059632,35.0,put,4,165,2018-12-20 16:00:00
487,13.4,13.0,0.8999996,REGULAR,IQ181221P00040000,USD,1545350400,0.7602563037109371,True,13.4,1530893366,511,7.199997,40.0,put,22,165,2018-12-20 16:00:00
488,17.5,17.1,1.3000011,REGULAR,IQ181221P00045000,USD,1545350400,0.756350092773437,True,17.6,1530892639,488,7.975467,45.0,put,29,165,2018-12-20 16:00:00
489,21.9,21.5,0.0,REGULAR,IQ181221P00050000,USD,1545350400,0.7592797509765621,True,20.6,1530800437,241,0.0,50.0,put,37,165,2018-12-20 16:00:00
490,26.5,26.0,0.0,REGULAR,IQ181221P00055000,USD,1545350400,0.7583031982421871,True,25.5,1530801360,57,0.0,55.0,put,3,165,2018-12-20 16:00:00
491,32.6,30.2,3.17,REGULAR,IQ181221P00060000,USD,1545350400,0.854005366210937,True,30.99,1530904271,53,11.39468,60.0,put,2,165,2018-12-20 16:00:00
492,36.4,34.8,0.0,REGULAR,IQ181221P00065000,USD,1545350400,0.7280300634765621,True,34.4,1530809753,168,0.0,65.0,put,20,165,2018-12-20 16:00:00
493,19.7,15.5,-1.6599998,REGULAR,IQ190118C00012500,USD,1547769600,0.7041045214843751,True,17.4,1530895715,86,-8.709338,12.5,call,4,193,2019-01-17 16:00:00
494,15.4,14.9,-1.6999998,REGULAR,IQ190118C00015000,USD,1547769600,0.6025430371093751,True,15.3,1530907155,127,-9.999999,15.0,call,8,193,2019-01-17 16:00:00
495,13.7,12.8,-2.0600004,REGULAR,IQ190118C00017500,USD,1547769600,0.6889679541015621,True,13.4,1530892008,261,-13.324712,17.5,call,1,193,2019-01-17 16:00:00
496,11.9,11.3,-1.2399998,REGULAR,IQ190118C00020000,USD,1547769600,0.733156965332031,True,11.51,1530907083,1074,-9.725489,20.0,call,106,193,2019-01-17 16:00:00
497,10.2,9.8,-1.1000003999999999,REGULAR,IQ190118C00022500,USD,1547769600,0.734865932617187,True,9.9,1530899345,685,-10.000003,22.5,call,45,193,2019-01-17 16:00:00
498,8.8,8.4,-1.0100002,REGULAR,IQ190118C00025000,USD,1547769600,0.73633076171875,True,8.59,1530907174,1711,-10.520835,25.0,call,180,193,2019-01-17 16:00:00
499,6.5,6.3,-1.0,REGULAR,IQ190118C00030000,USD,1547769600,0.7463404272460931,False,6.24,1530906304,3818,-13.812155,30.0,call,1250,193,2019-01-17 16:00:00
500,4.8,4.5,-0.8699998999999999,REGULAR,IQ190118C00035000,USD,1547769600,0.738772143554687,False,4.63,1530904030,3895,-15.81818,35.0,call,418,193,2019-01-17 16:00:00
501,3.5,3.4,-0.6899997999999999,REGULAR,IQ190118C00040000,USD,1547769600,0.7426783544921871,False,3.41,1530907123,2802,-16.829264,40.0,call,201,193,2019-01-17 16:00:00
502,4.0,3.8,0.08000016,REGULAR,IQ190118C00045000,USD,1547769600,0.9089364575195311,False,3.94,1530636682,2168,2.0725431,45.0,call,19,193,2019-01-17 16:00:00
503,2.1,1.9,-0.5400001,REGULAR,IQ190118C00050000,USD,1547769600,0.7578149218750001,False,1.9,1530906112,2599,-22.131151,50.0,call,280,193,2019-01-17 16:00:00
504,1.65,1.4,-0.45000005,REGULAR,IQ190118C00055000,USD,1547769600,0.7607445800781251,False,1.55,1530898733,790,-22.500002,55.0,call,67,193,2019-01-17 16:00:00
505,1.3,1.15,-0.29999995,REGULAR,IQ190118C00060000,USD,1547769600,0.7729514892578121,False,1.2,1530907048,1558,-19.999998,60.0,call,89,193,2019-01-17 16:00:00
506,1.05,0.85,-0.25000006,REGULAR,IQ190118C00065000,USD,1547769600,0.7744163183593751,False,0.9500000000000001,1530904634,599,-20.833338,65.0,call,30,193,2019-01-17 16:00:00
507,0.30000000000000004,0.25,-0.030000001000000002,REGULAR,IQ190118P00012500,USD,1547769600,0.7695335546875001,False,0.27,1530892462,1023,-10.0,12.5,put,30,193,2019-01-17 16:00:00
508,0.6000000000000001,0.5,0.25000003,REGULAR,IQ190118P00015000,USD,1547769600,0.7460962890625,False,0.6000000000000001,1530906627,579,71.42858,15.0,put,124,193,2019-01-17 16:00:00
509,1.15,0.9500000000000001,0.050000012,REGULAR,IQ190118P00017500,USD,1547769600,0.7465845654296871,False,1.0,1530906785,3437,5.2631593,17.5,put,15,193,2019-01-17 16:00:00
510,1.7000000000000002,1.55,0.06999993,REGULAR,IQ190118P00020000,USD,1547769600,0.7226590234375,False,1.67,1530907075,5524,4.3749957,20.0,put,28,193,2019-01-17 16:00:00
511,2.65,2.5,0.0,REGULAR,IQ190118P00022500,USD,1547769600,0.73437765625,False,2.5,1530819635,1292,0.0,22.5,put,47,193,2019-01-17 16:00:00
512,3.8,3.6,0.18000007,REGULAR,IQ190118P00025000,USD,1547769600,0.7392604199218741,False,3.68,1530905656,6451,5.142859,25.0,put,776,193,2019-01-17 16:00:00
513,6.5,6.2,0.2800002,REGULAR,IQ190118P00030000,USD,1547769600,0.730959721679687,True,6.38,1530904039,1496,4.5901675,30.0,put,72,193,2019-01-17 16:00:00
514,9.9,9.5,0.6000004,REGULAR,IQ190118P00035000,USD,1547769600,0.7353542089843751,True,9.8,1530902247,1015,6.521744,35.0,put,67,193,2019-01-17 16:00:00
515,13.6,13.3,0.5900001500000001,REGULAR,IQ190118P00040000,USD,1547769600,0.733401103515624,True,13.49,1530906513,1050,4.5736446,40.0,put,11,193,2019-01-17 16:00:00
516,17.7,17.4,0.8100014,REGULAR,IQ190118P00045000,USD,1547769600,0.732668688964843,True,17.7,1530896343,305,4.7957453999999995,45.0,put,2,193,2019-01-17 16:00:00
517,22.2,21.7,0.0,REGULAR,IQ190118P00050000,USD,1547769600,0.739748696289062,True,20.84,1530541492,112,0.0,50.0,put,3,193,2019-01-17 16:00:00
518,26.8,26.2,1.8999996000000001,REGULAR,IQ190118P00055000,USD,1547769600,0.74414318359375,True,26.3,1530887692,25,7.7868843,55.0,put,5,193,2019-01-17 16:00:00
519,31.5,30.9,0.0,REGULAR,IQ190118P00060000,USD,1547769600,0.7543969873046871,True,29.6,1530541523,766,0.0,60.0,put,21,193,2019-01-17 16:00:00
520,34.2,33.9,0.0,REGULAR,IQ190118P00065000,USD,1547769600,1e-05,True,34.6,1530205780,81,0.0,65.0,put,23,193,2019-01-17 16:00:00
521,19.5,19.0,-1.5200005,REGULAR,IQ200117C00012500,USD,1579219200,0.79687703125,True,18.98,1530905140,339,-7.414636,12.5,call,17,557,2020-01-16 16:00:00
522,17.9,16.7,-1.5,REGULAR,IQ200117C00015000,USD,1579219200,0.7399928344726561,True,17.5,1530898623,457,-7.8947363,15.0,call,10,557,2020-01-16 16:00:00
523,16.3,15.4,-1.8999996000000001,REGULAR,IQ200117C00017500,USD,1579219200,0.7407252490234371,True,16.1,1530903579,187,-10.555553,17.5,call,11,557,2020-01-16 16:00:00
524,15.1,14.8,-1.0500002,REGULAR,IQ200117C00020000,USD,1579219200,0.7814963256835931,True,14.8,1530906869,1161,-6.624607,20.0,call,149,557,2020-01-16 16:00:00
525,13.9,13.2,-0.8100004,REGULAR,IQ200117C00022500,USD,1579219200,0.7561059545898431,True,13.7,1530884275,400,-5.58236,22.5,call,21,557,2020-01-16 16:00:00
526,12.8,12.3,-0.8000001999999999,REGULAR,IQ200117C00025000,USD,1579219200,0.758791474609375,True,12.7,1530907134,1614,-5.925927,25.0,call,266,557,2020-01-16 16:00:00
527,10.7,10.4,-1.1000003999999999,REGULAR,IQ200117C00030000,USD,1579219200,0.7409693872070311,False,10.5,1530906759,4485,-9.482761,30.0,call,1595,557,2020-01-16 16:00:00
528,9.5,9.1,-0.70000076,REGULAR,IQ200117C00035000,USD,1579219200,0.7559838854980471,False,9.4,1530906876,2119,-6.930701,35.0,call,147,557,2020-01-16 16:00:00
529,8.3,7.9,-0.87000036,REGULAR,IQ200117C00040000,USD,1579219200,0.755739747314453,False,7.93,1530906742,1431,-9.886368,40.0,call,116,557,2020-01-16 16:00:00
530,7.3,6.7,-0.94000006,REGULAR,IQ200117C00045000,USD,1579219200,0.7490259472656251,False,6.91,1530904301,1359,-11.974524,45.0,call,70,557,2020-01-16 16:00:00
531,6.5,6.0,-0.9200001,REGULAR,IQ200117C00050000,USD,1579219200,0.7552514709472651,False,6.0,1530901336,1679,-13.294798,50.0,call,20,557,2020-01-16 16:00:00
532,5.8,5.1,-0.8399997,REGULAR,IQ200117C00055000,USD,1579219200,0.749270085449218,False,5.3,1530905780,261,-13.680776999999999,55.0,call,95,557,2020-01-16 16:00:00
533,5.2,4.7,-0.52999973,REGULAR,IQ200117C00060000,USD,1579219200,0.7568383691406251,False,4.92,1530906511,542,-9.724766,60.0,call,90,557,2020-01-16 16:00:00
534,4.7,4.2,-0.5300001999999999,REGULAR,IQ200117C00065000,USD,1579219200,0.7586694055175781,False,4.27,1530906674,492,-11.04167,65.0,call,104,557,2020-01-16 16:00:00
535,1.4,1.25,0.0,REGULAR,IQ200117P00012500,USD,1579219200,0.7055693505859371,False,1.35,1530905050,383,0.0,12.5,put,14,557,2020-01-16 16:00:00
536,2.25,1.9500000000000002,0.109999895,REGULAR,IQ200117P00015000,USD,1579219200,0.7001983105468751,False,2.11,1530906796,949,5.4999948,15.0,put,16,557,2020-01-16 16:00:00
537,3.1,2.7,0.049999952,REGULAR,IQ200117P00017500,USD,1579219200,0.6787141503906251,False,3.05,1530888258,372,1.6666651,17.5,put,122,557,2020-01-16 16:00:00
538,4.4,4.0,0.009999752,REGULAR,IQ200117P00020000,USD,1579219200,0.6977569287109371,False,4.1,1530906545,279,0.24449271,20.0,put,43,557,2020-01-16 16:00:00
539,5.6,5.2,0.40000009999999997,REGULAR,IQ200117P00022500,USD,1579219200,0.690188645019531,False,5.5,1530887947,477,7.843139,22.5,put,4,557,2020-01-16 16:00:00
540,6.9,6.6,0.24000025,REGULAR,IQ200117P00025000,USD,1579219200,0.68555001953125,False,6.84,1530891442,970,3.6363676,25.0,put,18,557,2020-01-16 16:00:00
541,9.9,9.7,0.19999981,REGULAR,IQ200117P00030000,USD,1579219200,0.679568634033203,True,9.8,1530899118,798,2.0833313,30.0,put,20,557,2020-01-16 16:00:00
542,13.5,13.0,0.4499998,REGULAR,IQ200117P00035000,USD,1579219200,0.6770051831054681,True,13.25,1530899603,1702,3.5156236,35.0,put,20,557,2020-01-16 16:00:00
543,17.2,16.7,0.0,REGULAR,IQ200117P00040000,USD,1579219200,0.672366557617187,True,16.3,1530818085,424,0.0,40.0,put,6,557,2020-01-16 16:00:00
544,21.2,20.6,0.7800007,REGULAR,IQ200117P00045000,USD,1579219200,0.669558968505859,True,21.0,1530883800,247,3.8575702,45.0,put,1,557,2020-01-16 16:00:00
545,25.3,24.7,0.69999886,REGULAR,IQ200117P00050000,USD,1579219200,0.664676204833984,True,24.9,1530906232,200,2.8925571,50.0,put,28,557,2020-01-16 16:00:00
546,28.4,27.8,0.0,REGULAR,IQ200117P00055000,USD,1579219200,0.575199560546874,True,27.8,1529940257,19,0.0,55.0,put,10,557,2020-01-16 16:00:00
547,34.1,33.2,0.0,REGULAR,IQ200117P00060000,USD,1579219200,0.6578403356933591,True,32.7,1530551974,40,0.0,60.0,put,22,557,2020-01-16 16:00:00
548,38.6,37.7,0.0,REGULAR,IQ200117P00065000,USD,1579219200,0.655887230224609,True,37.0,1530804447,65,0.0,65.0,put,9,557,2020-01-16 16:00:00
